日期,开盘,最高,最低,收盘,成交量,成交额
2010/6/1,986.02,994.79,948.12,973.23,1583073,5780310016
2010/6/2,967.61,997.12,952.61,997.12,1202131,4455081472
2010/6/3,1002.35,1026.7,997.78,998.39,1729802,6635854848
2010/6/4,989.68,1027.68,986.5,1027.68,1571654,5512249344
2010/6/7,1005.03,1075.22,1001.7,1069.47,2769355,9500138496
2010/6/8,1067.32,1075.5,1050.96,1067.15,2062969,6929747456
2010/6/9,1070.85,1102.1,1069.43,1077.82,2541568,8994865152
2010/6/10,1077.68,1119.11,1076.28,1117.48,2197404,8242730496
2010/6/11,1122.44,1128.23,1118.71,1122.2,2224874,8449040384
2010/6/17,1126.13,1129.69,1064.84,1064.84,1764283,6757409792
2010/6/18,1052.07,1053.14,993.17,1000.28,1630650,5827720192
2010/6/21,991.96,1043.16,976.41,1040.8,1574797,5604269056
2010/6/22,1037.04,1057.36,1033.65,1034.99,1427162,5067480064
2010/6/23,1026.86,1056.35,1023.74,1047.34,1257359,4608674304
2010/6/24,1046.76,1059.75,1041.54,1050.6,1069132,3904948224
2010/6/25,1046.21,1046.21,999.16,1016.28,1781242,6118335488
2010/6/28,1009.22,1014.41,984.22,987.83,1180048,4166416128
2010/6/29,985.57,992.23,912.54,913.31,1742055,5950152192
2010/6/30,898.29,921.81,881.36,919.31,1408707,4322013184
2010/7/1,914.4,921.21,882.19,882.19,1199397,4038564352
2010/7/2,878.95,885.34,832.62,873.12,1436579,4569467392
2010/7/5,857.37,870.86,842.73,862.27,1015804,3089165312
2010/7/6,859.26,898.45,857.8,893.72,1268273,3995396864
2010/7/7,896.53,908.55,890.34,908.55,1154522,3646053376
2010/7/8,912,914.3,887.03,905.51,1823587,5165453312
2010/7/9,903.5,936.53,896.89,932.15,1844847,5435749888
2010/7/12,931.54,941.07,924.06,930.17,1473329,4566959104
2010/7/13,924.95,936.64,906.3,931.08,1683635,5114771456
2010/7/14,929.75,937.93,916.07,922.36,1621514,4986494464
2010/7/15,920.05,930.56,892.56,892.56,1381135,4298472448
2010/7/16,885.07,895.06,869.02,892.3,1123317,3438813696
2010/7/19,881.66,910.18,878.07,908.05,1018964,3119460864
2010/7/20,909.54,937.55,909.54,937.02,1477184,4738516480
2010/7/21,940.1,959.04,938.16,941.25,1782674,6154522624
2010/7/22,938.22,950.21,932.02,950.21,1326602,4356669952
2010/7/23,951.84,964.74,948.13,960.59,1721251,5339086336
2010/7/26,962.76,966.73,954.76,966.15,1476035,4626043904
2010/7/27,963.54,968.04,955.73,957.97,1361821,4574085632
2010/7/28,955.19,972.53,954.52,972.53,2057862,6808195584
2010/7/29,974.3,982.02,965.61,975.36,2113521,6958028800
2010/7/30,971.66,971.66,955.92,968.43,1691712,5788241920
2010/8/2,968.45,994.23,968.45,994.23,1962783,6585242112
2010/8/3,995.2,996.26,975.65,975.65,1885147,6352818688
2010/8/4,971.41,978.01,955.93,978.01,1624911,5327477760
2010/8/5,980.27,998.1,978.33,987.35,1915500,6503165952
2010/8/6,987.97,1011.39,985.63,1011.39,2360264,8526611456
2010/8/9,1013.25,1032.34,1013.25,1032.34,2428507,8547738624
2010/8/10,1031.98,1034.33,993.99,993.99,2411715,8238700544
2010/8/11,991.28,1006.45,990.94,1004.64,1759141,5917191680
2010/8/12,994.05,1007.58,987.98,991.78,2286132,8961176576
2010/8/13,992.63,1007.52,986.62,1007.21,1782848,6539169792
2010/8/16,1007.5,1031.05,1005.05,1030.22,2091177,7340467712
2010/8/17,1031.08,1036.82,1023.08,1033.58,1963471,7026580480
2010/8/18,1033.71,1035.61,1018.5,1026.72,1811909,6654307840
2010/8/19,1026.98,1033.25,1021.7,1025.53,1750952,6269933568
2010/8/20,1021.46,1022.45,993.56,995.94,2404560,9468961792
2010/8/23,994.94,1001.18,991.52,995.61,1773928,6691924992
2010/8/24,993.58,1007.76,987.22,1004.99,1608155,6272781312
2010/8/25,1000.27,1002.33,976.55,976.88,2166638,7732030464
2010/8/26,978.6,984.87,973,980.63,1700767,6245786624
2010/8/27,978.51,1000.86,975.72,999.46,2173480,7887761920
2010/8/30,1002.99,1025.15,1002.99,1024.93,2358186,8501815808
2010/8/31,1020.75,1029.8,1015.13,1025.57,2175334,8054544384
2010/9/1,1025.68,1029.81,987.59,995.59,2400153,8763610112
2010/9/2,1001.6,1018.28,996.52,1014.92,2758003,11048559616
2010/9/3,1017.64,1045.21,1017.51,1036.7,3186012,12468597760
2010/9/6,1039.46,1043.24,1007.43,1010.76,2546962,9852693504
2010/9/7,1010.12,1022.62,1007.64,1022.62,1686002,6571730432
2010/9/8,1020.23,1027.64,1016.84,1026.33,1801644,6577841152
2010/9/9,1029.11,1040.67,1019.69,1021.83,2365284,8209268736
2010/9/10,1021.87,1037.51,1016.19,1034.94,2210901,7388106240
2010/9/13,1034.39,1045.39,1033.25,1042.48,2010292,6899537408
2010/9/14,1044.3,1046.13,1028.77,1031.22,1940841,6968656384
2010/9/15,1029.52,1030.02,987.05,990.1,2216464,7937955840
2010/9/16,989.49,994.95,964.53,972.6,1717924,5902966272
2010/9/17,976.07,981.73,967.56,972.23,1450030,5395687936
2010/9/20,972.45,975.26,947.41,949.2,1292681,4638370304
2010/9/21,952.07,953.83,930.25,934.46,1107187,3685261056
2010/9/27,936.21,951.84,930.87,950.67,1079437,3608370176
2010/9/28,949.63,949.89,939.63,942.05,1666173,6756897792
2010/9/29,941.27,944.17,924.41,926.76,1230242,4512222720
2010/9/30,923.83,942.54,921.36,942.54,1099209,3967678720
2010/10/8,946.47,963.18,945.62,959.86,1511188,5272914432
2010/10/11,960.91,961.17,941.91,947.11,1852470,6479456256
2010/10/12,946.63,959.98,945.01,951.79,1510895,5054330368
2010/10/13,951.33,962.74,940.65,962.74,2209485,7669942272
2010/10/14,963.29,975.91,956.86,958.5,1994136,6996952576
2010/10/15,954.12,957.77,937.12,944.25,1884787,6403270144
2010/10/18,941.87,941.87,913.82,932.36,1787335,5975258624
2010/10/19,932.83,1005.59,932.32,995.92,3333809,11780278272
2010/10/20,986.65,1024.58,986.03,1004.54,3438174,11730250752
2010/10/21,1001.68,1001.68,983.66,991.84,2161944,7155691520
2010/10/22,991.14,1023.7,991.14,1013.45,2377733,8008472064
2010/10/25,1018.08,1043.09,1018.08,1039.05,2729464,9349803008
2010/10/26,1041.53,1041.91,1020.94,1036.01,2967923,11256504320
2010/10/27,1034.86,1048.56,1028.7,1030.59,2443831,8963387392
2010/10/28,1024.7,1038.62,1023.49,1038.62,2269392,8471492608
2010/10/29,1042.4,1069.75,1042.4,1064.52,3097404,11544179712
2010/11/1,1071.63,1113.62,1071.63,1107.52,3754825,14242637824
2010/11/2,1108.09,1108.09,1074.58,1075.15,3292637,12447458304
2010/11/3,1063.2,1063.2,1040.55,1040.62,2224595,8194692608
2010/11/4,1041.42,1057.71,1037.24,1057.71,1759113,6392806400
2010/11/5,1067.87,1072.22,1058.26,1072.22,2237335,8252891648
2010/11/8,1077.5,1107.06,1077.5,1107.06,2579173,9730492416
2010/11/9,1110.43,1117.52,1102.01,1115.65,2622116,9958053888
2010/11/10,1115.74,1147.48,1113.75,1141.58,2974084,11130952704
2010/11/11,1137.08,1163.7,1132.36,1132.72,3180996,11899691008
2010/11/12,1126.85,1140.63,1080.27,1082.24,3612339,16217640960
2010/11/15,1087.81,1148.54,1086.52,1148.54,2981080,12781417472
2010/11/16,1154.41,1175.31,1111.5,1126.18,3964587,15919425536
2010/11/17,1115.12,1132.86,1080.93,1085.35,2829795,10875058176
2010/11/18,1090.14,1102.85,1077.06,1102.85,2238790,8470645248
2010/11/19,1106.75,1153.17,1105.59,1153.17,3233615,12096806912
2010/11/22,1153.26,1194.2,1151.76,1174.94,4025388,15662365696
2010/11/23,1172.06,1183.84,1148.81,1183.5,2898766,11296673792
2010/11/24,1176.42,1208.45,1174.68,1208.45,2869098,11210072064
2010/11/25,1212.77,1215.74,1177.83,1186.36,2832584,11069243392
2010/11/26,1184.8,1200.5,1179.28,1196.02,2350441,9326839808
2010/11/29,1195.31,1221.75,1193.41,1220.11,2685259,10786043904
2010/11/30,1219.08,1219.12,1146.97,1181.5,3163257,12525797376
2010/12/1,1176.61,1182.57,1169.89,1177.18,1612221,6449477120
2010/12/2,1187.1,1192.8,1177.81,1177.84,1767132,7208342016
2010/12/3,1177.17,1178.67,1148.09,1157.94,1702613,6748120064
2010/12/6,1157.72,1159.3,1124.94,1134.38,1562358,6184401920
2010/12/7,1132.33,1162.58,1123.76,1161.69,1280460,5119900160
2010/12/8,1160.92,1176.42,1158.1,1160.24,1345852,5479292416
2010/12/9,1158.82,1160.91,1144.18,1144.53,1806955,7859628032
2010/12/10,1139.83,1167.68,1136.33,1166.8,1569302,6674189312
2010/12/13,1175.51,1210.75,1175.51,1209.27,2301380,9731478528
2010/12/14,1211.46,1219.71,1204.66,1218.52,2047676,8569488896
2010/12/15,1217.81,1224.05,1209.29,1211.8,2319263,10289327104
2010/12/16,1209.62,1233.62,1209.34,1225.03,2127810,8816230400
2010/12/17,1222.93,1233.39,1222.93,1232.98,2059515,8599739392
2010/12/20,1235.67,1239.6,1180.53,1212.34,2702385,11802207232
2010/12/21,1212.09,1222.3,1204.48,1215.02,1885949,7935690240
2010/12/22,1214.77,1215.79,1199.68,1201.65,2109499,9215361024
2010/12/23,1198.74,1200.76,1175.86,1176.36,1877144,8295889408
2010/12/24,1170.7,1170.7,1140.13,1144.5,1630336,7045271040
2010/12/27,1145.7,1154.53,1100.52,1105.3,1567896,6535094272
2010/12/28,1098.94,1099.18,1080.4,1091.48,1439567,5774803456
2010/12/29,1091.82,1113.31,1091.82,1113.31,1615975,6762598912
2010/12/30,1113.56,1122.41,1106.43,1117.21,1409447,5905895936
2010/12/31,1117.36,1138.47,1117.36,1137.66,1391123,5869734400
2011/1/4,1142.17,1155.52,1140.04,1155.11,1695881,7403006976
2011/1/5,1153.91,1159.12,1146.38,1155.35,1683527,7341840384
2011/1/6,1153.63,1159.41,1134.09,1134.79,1559129,6869233664
2011/1/7,1132.73,1139.78,1119.61,1126.52,1974030,9548235776
2011/1/10,1124.34,1124.34,1089.06,1093.77,1591818,7219412480
2011/1/11,1089.99,1089.99,1068.4,1078.37,1376431,5853695488
2011/1/12,1083.12,1095.52,1071.09,1089.67,1234470,5239284736
2011/1/13,1094.83,1097.1,1089.67,1093.86,1776971,7317823488
2011/1/14,1092.09,1092.09,1065.75,1067.42,1534370,6235600896
2011/1/17,1066.44,1066.99,1025.66,1028.16,1701014,6922489344
2011/1/18,1021.84,1029.86,1014.63,1025.72,1018064,4027368960
2011/1/19,1025.93,1048.6,1023.15,1048.54,1178339,4748988416
2011/1/20,1047.77,1051.52,1020.29,1020.39,1442281,5770513920
2011/1/21,1014.72,1033.52,1013.27,1024.51,1254321,5075485184
2011/1/24,1024.79,1029.33,994.26,994.97,1315743,5500294656
2011/1/25,992.57,992.57,968.32,979,1421063,5456791552
2011/1/26,978.07,995.79,977.85,995.74,1161020,4471076352
2011/1/27,991.06,1015.05,984.79,1013.02,1186127,4478251008
2011/1/28,1013.64,1023.63,1011.31,1020.94,998536,3845951232
2011/1/31,1021.63,1030.19,1014.4,1029.12,1211559,4843982848
2011/2/1,1029.67,1034.14,1026.9,1032.6,1447715,5627796480
2011/2/9,1026.45,1037.84,1021.79,1025.15,1287175,4788958720
2011/2/10,1026.25,1063.95,1024.71,1063.95,1833971,6739880448
2011/2/11,1067.19,1075.59,1065.15,1071.58,1858216,7173862912
2011/2/14,1072.31,1087.31,1072.31,1086.56,2085430,8396670976
2011/2/15,1086.8,1097.56,1082.27,1087.73,2692483,9864465408
2011/2/16,1086.77,1107.24,1083.85,1107.24,2430058,9216957440
2011/2/17,1108.63,1116.96,1103.89,1115.33,2407534,9368213504
2011/2/18,1114.45,1114.69,1098.59,1100.46,2314419,8861476864
2011/2/21,1096.17,1117.67,1094.43,1117.67,2338857,9423121408
2011/2/22,1118.61,1122.18,1087.01,1088.27,3202336,12449324032
2011/2/23,1088.08,1117.29,1087.86,1114.05,2313215,9947056128
2011/2/24,1112.43,1112.72,1094.62,1101.95,2238639,9413684224
2011/2/25,1098.11,1098.73,1085.8,1095.1,1966280,7877873664
2011/2/28,1096.34,1099.78,1087.59,1099.78,1903786,7613563904
2011/3/1,1100.81,1102.55,1091.98,1098,2101515,8041562112
2011/3/2,1094.97,1096.09,1077.65,1088.9,1797659,6938441216
2011/3/3,1088.89,1091.89,1062.37,1064.31,1799709,6877458432
2011/3/4,1063.43,1071.86,1056.56,1071.86,1471274,5426590208
2011/3/7,1073.93,1078.11,1069.93,1078.11,1770028,6658862080
2011/3/8,1079.53,1085.31,1074.1,1084.82,2526986,8812152832
2011/3/9,1084.7,1087.3,1075.46,1087.3,2453239,8904006656
2011/3/10,1088.34,1103.54,1087.57,1093.9,2564247,9837758464
2011/3/11,1090.21,1113.01,1088.65,1101.76,2755355,10764427264
2011/3/14,1099.32,1107.54,1095.9,1107.54,2543075,9295617024
2011/3/15,1108.2,1108.2,1078.23,1094.95,2786249,10290751488
2011/3/16,1094.12,1102.67,1094.12,1102.22,2621254,9973230592
2011/3/17,1096.22,1096.22,1074.87,1078.37,2579187,9618102272
2011/3/18,1081.6,1088.31,1079.56,1083.6,1714087,6422767104
2011/3/21,1083.15,1084.55,1068.32,1070.6,1675007,6448694272
2011/3/22,1072.39,1074.08,1057.86,1067.29,1846559,6761189888
2011/3/23,1066.17,1076.56,1064.59,1076.56,1762140,6575953920
2011/3/24,1078.02,1081.59,1074.04,1077.99,1872127,6819942912
2011/3/25,1077.34,1078.02,1069.38,1072.34,1977720,7106481664
2011/3/28,1072.89,1074.41,1051.02,1052.11,2287752,8190142976
2011/3/29,1050.29,1050.29,1017.88,1019.04,2763171,9805270016
2011/3/30,1017.16,1019.17,1004.38,1006.37,1944158,6412176384
2011/3/31,1006.72,1019.32,1005.37,1008.3,1590416,5135414272
2011/4/1,1006.04,1015.08,1002.86,1015.08,1294019,4125940992
2011/4/6,1011.68,1011.82,992.31,994.26,1541654,4960950272
2011/4/7,993.38,1004.41,992.43,1004.41,1773952,5465477632
2011/4/8,1004.14,1019.14,1002.38,1019.14,1569267,4954629120
2011/4/11,1021.31,1022.56,1002.43,1002.8,1710574,5550286336
2011/4/12,1000.77,1007.25,997.75,1000.17,1354872,4373986304
2011/4/13,999.53,1020.75,998.52,1020.75,1508995,5016656384
2011/4/14,1021.1,1021.46,1013.99,1016.62,1412610,4647288320
2011/4/15,1015.97,1016.15,1002.64,1010.06,1777145,5334863360
2011/4/18,1008.48,1010.66,1000.18,1003.26,1524246,4609672704
2011/4/19,1000.88,1000.88,986.9,994.3,1759370,5369582080
2011/4/20,993.94,1009.5,991.88,1008.18,1687702,5324734464
2011/4/21,1007.98,1017.7,1006.91,1010.56,2388192,7231818240
2011/4/22,1008.17,1008.3,1000.92,1004.65,1893595,5644621824
2011/4/25,1001.08,1001.08,974.99,975.18,1990286,5888717824
2011/4/26,970.96,973.56,954.98,958.29,1969918,5652329472
2011/4/27,956.77,961.64,936.99,942.54,1827124,5145599488
2011/4/28,941.2,944.7,903.03,904.15,1934849,5251372544
2011/4/29,901.16,912.72,897.2,912.72,1317671,3479072512
2011/5/3,911.79,923.06,907.28,922.07,1226499,3188961536
2011/5/4,919.67,919.67,901.92,903.99,1270601,3320308480
2011/5/5,901.48,919.6,900.35,914.59,1473808,3827690752
2011/5/6,910.14,920.77,904.74,918.28,1334006,3522256128
2011/5/9,920.12,935.9,920.12,931.77,1557071,3716391936
2011/5/10,932.88,933.24,925.04,931.21,1267213,3183773184
2011/5/11,931.51,933.28,923.26,929.95,1596040,4410316800
2011/5/12,927.15,927.15,909.14,909.26,1646752,4266441984
2011/5/13,909.25,912.61,897.8,909.77,1544289,3926926592
2011/5/16,911.34,916.02,906.08,906.34,1332883,3472835584
2011/5/17,903.98,904.48,890.36,895.15,1624413,3917310976
2011/5/18,891.99,894.89,888.18,890.79,1744464,4078169856
2011/5/19,891.48,895.54,883.87,884.89,1448972,3346405632
2011/5/20,884.06,884.33,873.87,875.43,1416626,3351488768
2011/5/23,873.31,873.59,840.65,840.9,2047422,4393330176
2011/5/24,836.79,876.6,828.5,870.94,2782844,5944869376
2011/5/25,867.68,867.68,842.12,842.35,2176375,4720996352
2011/5/26,843.62,852.98,830.64,830.92,1741445,3719252480
2011/5/27,830.61,835.87,819.87,822.94,1849514,3744635392
2011/5/30,819.87,844.97,816.39,834.32,2335782,4571867136
2011/5/31,836.35,846.32,828.66,846.32,2499466,5157702144
2011/6/1,846.48,852.66,843.29,851.17,2358778,4868532736
2011/6/2,841.52,841.52,823.1,833.74,2095702,4407383040
2011/6/3,833.44,849.73,832.53,847.55,1958064,4140481280
2011/6/7,845.25,848.22,842.46,847.71,1598940,3329774080
2011/6/8,846.67,846.93,836.99,844.98,2043436,4330927616
2011/6/9,843.58,843.58,828.02,828.02,2017611,4139096576
2011/6/10,825.55,826.54,811.09,824.03,1785816,3664235008
2011/6/13,820.24,833.25,811.39,829.36,1614046,3333026304
2011/6/14,829.51,840.69,829.27,838.47,1703028,3507106560
2011/6/15,837.54,840.54,826.94,827.53,2073052,4080174080
2011/6/16,822.37,822.55,809.93,810.71,1731523,3371611904
2011/6/17,809.16,813.21,801.31,802.64,1428628,2766363392
2011/6/20,800.62,800.62,787.57,791.76,1477888,2876136960
2011/6/21,792,796.85,786.33,795.61,1508401,2999277056
2011/6/22,797.42,798.24,788.56,791.51,1847725,3505317120
2011/6/23,790.7,815.78,783.86,814.44,3043269,5943585280
2011/6/24,812.31,835.3,810.58,832.32,3506956,6994282496
2011/6/27,832.62,850.39,832.62,843.86,3397416,6864338432
2011/6/28,843.98,844.96,836.94,844.18,2329661,4672379392
2011/6/29,844.85,850.36,836.38,836.38,2870804,5872460800
2011/6/30,834.82,846.88,834.82,845.92,2412281,4891356672
2011/7/1,847.54,862.34,847.54,855.27,3052681,6170353152
2011/7/4,856.5,876.17,856.5,876.17,3605971,7354355200
2011/7/5,877.52,885.78,876.9,883.42,3429034,7175438336
2011/7/6,881.6,894.28,877.82,894.28,4005587,8639827968
2011/7/7,893.6,911.87,891.73,899.8,4980368,10655699968
2011/7/8,899.47,902.05,888.22,894.91,3350704,7319716352
2011/7/11,894.07,903.9,889.82,903.31,3138543,6624469504
2011/7/12,895.49,898.99,888.58,891.52,4134161,8670305280
2011/7/13,890.3,913.09,890.3,913.09,3773358,8157267456
2011/7/14,913.49,932.78,913.49,932.78,5124319,10920513536
2011/7/15,935.54,951.4,933.49,951.14,6429022,13881475072
2011/7/18,952.03,959.27,944.1,946.12,4886468,11029386240
2011/7/19,940.42,940.42,924.09,927.3,4242889,9703353344
2011/7/20,932.21,937.75,920.22,930.83,3652248,8278151168
2011/7/21,930.26,930.89,915.37,915.37,3321787,7316006912
2011/7/22,917.63,929.93,917.63,924,3272156,7457390592
2011/7/25,920.85,920.85,884.1,887.06,4313444,9649921024
2011/7/26,884.02,892.54,878.16,892.54,2911907,6559334400
2011/7/27,890.03,917.16,883.97,915.55,3884076,9233374208
2011/7/28,907.25,920.03,902.5,919.4,3749075,9080102912
2011/7/29,919.53,924.84,910.24,913.28,3734791,8776328192
2011/8/1,911.94,931.37,910.98,927.38,3717874,9110393856
2011/8/2,923.09,932.12,905.01,932.12,4822299,11269097472
2011/8/3,922.81,951.59,918.64,945.51,6078198,14886598656
2011/8/4,944.83,950.03,935.42,937.48,4490789,10914950144
2011/8/5,905.16,926.62,899.32,919.19,4278637,10291980288
2011/8/8,908.08,913.32,859.16,877.44,4853829,11073537024
2011/8/9,849,884.84,835.28,878.76,4248659,9836040192
2011/8/10,891.22,901.86,889.86,891.75,4152964,10010491904
2011/8/11,873.12,915.49,870.29,915.49,4790986,11144849408
2011/8/12,920.29,932.78,920.29,926.3,4554967,10580588544
2011/8/15,928.98,946.8,928.98,942.49,4478420,10679562240
2011/8/16,942.95,944.87,929.79,933.14,4114517,9623867392
2011/8/17,932.01,941.45,926.02,936.16,4004712,9578375168
2011/8/18,934.58,935.11,915.26,915.68,3953249,9600115712
2011/8/19,895.65,912.42,891.8,912.42,4432501,11689863168
2011/8/22,913.61,925.39,907.86,910.61,4341367,10879154176
2011/8/23,912.35,936.42,912.35,936.42,5674449,13627198464
2011/8/24,940.42,954.23,939.28,940.2,6468434,16118829056
2011/8/25,942.64,943.72,927.36,942.94,5311157,13266330624
2011/8/26,940.53,954.72,937.97,952.81,5508088,14008182784
2011/8/29,951.55,959.67,947.73,954.03,5130036,12775059456
2011/8/30,957.29,960.15,933.82,934.19,4772780,11878770688
2011/8/31,931.79,936.1,911.82,921.5,3969353,9851119616
2011/9/1,921.97,930.19,913.16,917.75,3455754,8134803456
2011/9/2,916.07,918.59,902.48,909.85,3296039,7913842176
2011/9/5,902.37,902.37,883.46,883.87,3247565,7951252480
2011/9/6,876.71,884.61,869.81,874.74,3094362,7730620416
2011/9/7,877.87,899.61,877.78,899.61,3146188,7500403712
2011/9/8,903.25,909.88,891.52,891.93,3276209,7987969024
2011/9/9,889.47,895.85,877.53,881.58,2616606,6357588992
2011/9/13,870.04,870.04,858.91,861.92,2287849,5421783552
2011/9/14,864.08,877.04,855.34,876.95,2420365,5608070656
2011/9/15,877.93,885.71,875.68,875.86,2623923,6100113920
2011/9/16,878.56,883.1,873.55,874.88,2803521,6380638208
2011/9/19,871.88,871.88,854.64,854.71,2374811,5182461952
2011/9/20,850.97,861.18,846.03,856.81,2097516,4637953536
2011/9/21,856.8,881.56,854.29,881.03,3279914,7099935232
2011/9/22,876.25,879.1,852.92,852.92,3121393,6610735104
2011/9/23,840.18,848.27,833.77,843.48,2640321,5394920448
2011/9/26,842,848.82,826.83,829.35,2248383,4639543296
2011/9/27,833.64,839.19,822.84,830.88,2753487,5987873280
2011/9/28,834.03,838.33,814.34,817.52,2458248,5408456704
2011/9/29,813.26,813.26,791.05,791.89,2625983,5528184320
2011/9/30,792.76,796.48,781.79,791.13,1950389,4006546688
2011/10/10,792.97,796.86,786.84,790.04,1621991,3545656320
2011/10/11,806.7,812.45,778.05,786.15,2572308,5427049472
2011/10/12,783.43,817.02,773.93,816.14,3644532,7659131904
2011/10/13,816.53,835.63,814.63,833.02,4197492,9038527488
2011/10/14,830.48,833.03,819.98,830.2,3330833,7250854400
2011/10/17,832.86,839.26,826.81,832.29,3697721,8256079360
2011/10/18,826.53,828.18,806,806.6,3930548,8528041984
2011/10/19,807.21,813.95,798.8,804.44,3006662,6554715136
2011/10/20,801.03,801.03,771.15,778.95,3368182,7086764544
2011/10/21,777.03,779.46,760.16,763.3,2590864,5280393728
2011/10/24,761.43,772.96,741.33,772.41,3335606,6612615680
2011/10/25,770.84,799.1,769.29,797.86,4508874,9285783552
2011/10/26,794.3,820.81,791,811.13,6050439,12740891648
2011/10/27,810.72,821.29,807.12,810.92,5078367,10636173312
2011/10/28,820.42,833.73,813.93,833.42,5755198,12072391680
2011/10/31,834.3,852.8,831.5,852.8,6252855,13378506752
2011/11/1,843.8,855.35,840.06,853.36,6301051,13351878656
2011/11/2,837.07,881.05,833.9,881.05,8516045,18532093952
2011/11/3,885.87,898.31,877.66,877.66,9918096,21954492416
2011/11/4,881.62,887.67,876.44,882.25,6660408,14420357120
2011/11/7,880.15,889.34,876.54,878.76,5225319,11184480256
2011/11/8,878.45,879.9,861.38,862.36,5445643,11385942016
2011/11/9,866.91,891.12,860.75,891.12,6883980,14462601216
2011/11/10,881.69,911.73,878.99,895.27,10350637,21271797760
2011/11/11,893.72,901.8,885.59,891.19,7667414,15299226624
2011/11/14,899.11,917.27,899.11,915.98,8111971,17301798912
2011/11/15,916.62,922.81,912.81,920.97,7390361,16086626304
2011/11/16,921.3,922.07,888.88,893.51,7071703,15581014016
2011/11/17,893.79,911.9,890.82,898.34,6529090,15537254400
2011/11/18,892.63,892.75,868.26,869.19,6104312,13975892992
2011/11/21,866.98,868.31,849.56,863.13,4658928,10562272256
2011/11/22,856.2,868.48,852.04,868.43,4089330,9250623488
2011/11/23,868.78,874.3,863.06,864.81,4401077,10233347072
2011/11/24,856.67,874.92,852,868.14,4339727,9901305856
2011/11/25,866.99,874.48,860.63,863.5,4199906,9380876288
2011/11/28,864.38,871.28,858.46,866.84,3976936,8814185472
2011/11/29,872.2,880.31,866.74,880.31,4643474,10228453376
2011/11/30,878.68,878.68,824.95,838.11,5836484,12361839616
2011/12/1,861.55,872.34,852.87,852.87,5721672,12628593664
2011/12/2,849.18,849.18,825.08,829.18,4038192,8618163200
2011/12/5,825.61,826.09,790.3,792.5,3444620,7250949120
2011/12/6,788.44,801.93,783.28,798.1,3163314,6739985408
2011/12/7,797.18,806.42,794.37,802.63,3027376,6383928832
2011/12/8,799.49,819.97,788.62,809.43,4313035,9152577536
2011/12/9,802.13,812.17,796.19,798.84,3100104,6681689088
2011/12/12,798.81,803.74,789.79,790.79,2535366,5396682752
2011/12/13,787.08,787.08,765.04,768.92,3434003,6930550272
2011/12/14,766.18,773.77,754.32,755.76,3208381,6600589824
2011/12/15,751.55,756.81,743.27,746.56,3484289,6640244736
2011/12/16,745.52,778.78,745.52,778.78,4329477,8408400896
2011/12/19,774.66,793.44,767.07,793.44,5077001,9994732544
2011/12/20,791.82,799.66,780.92,781.42,4050591,8198643200
2011/12/21,786.98,791.23,760.92,761.34,3864116,7721846272
2011/12/22,754.48,767.32,727.74,757.9,4661591,8933608448
2011/12/23,754.89,770.38,750.96,761.44,3634598,6986412032
2011/12/26,760.67,769.92,751.61,753.05,2920371,5633031168
2011/12/27,749.61,749.92,725.11,727.17,3309758,6339852288
2011/12/28,721.84,721.84,700.11,717.55,3184213,5817505792
2011/12/29,714.58,722.2,710.65,716.55,2826756,5237684736
2011/12/30,718.03,730.53,718.03,729.5,3107814,5922429952
2012/1/4,734.74,737.91,707.11,707.11,3199979,6255419904
2012/1/5,700.32,701.04,665.41,666.91,4016076,7183919104
2012/1/6,662.65,672.13,645.8,669.02,3237513,5678511104
2012/1/9,667.86,692.42,657.18,692.42,4139809,7281459712
2012/1/10,691.65,718.29,690.5,716.45,5745642,10204139520
2012/1/11,715.04,728.66,710.53,717.94,4991163,9200830464
2012/1/12,715.82,724.08,708.68,709.89,3943702,7527130112
2012/1/13,709.05,709.63,665.26,666.08,4993608,9195454464
2012/1/16,657.8,657.8,633.31,633.91,3313455,5707094528
2012/1/17,630.78,664.7,623.64,662.69,4536489,7714785792
2012/1/18,662.94,665.6,621.67,624.91,4788498,8235360768
2012/1/19,621.65,637.02,612.28,632.8,4378062,7181056512
2012/1/20,634.83,648.14,634.57,646.38,3794610,6148724224
2012/1/30,649.42,660.06,644.88,651.25,3696327,6254368768
2012/1/31,649.37,650.49,637.43,648.68,3122930,5195525120
2012/2/1,647.49,663.27,644.58,650.78,3643957,6381268480
2012/2/2,652.06,665.4,652.06,665.4,3948430,6593328128
2012/2/3,665.35,681.89,663.01,680.05,5084726,8515800064
2012/2/6,681.04,689.96,680.7,686.51,4913461,8371001344
2012/2/7,683.88,683.88,669.54,673.68,4022295,6922644992
2012/2/8,673.07,692.3,669.63,692.3,4690440,7866151936
2012/2/9,692.36,705.7,690.68,697.79,5973568,10602220544
2012/2/10,696.53,703.09,693.75,698.85,4682200,8154150912
2012/2/13,694.24,718.67,690.53,714.96,5579600,10169381888
2012/2/14,714.75,717.77,707.97,712.3,4136396,7509936640
2012/2/15,711.62,724.75,707.14,724.75,5543245,9792726016
2012/2/16,723.43,731.45,714.4,721.83,6034967,10910654464
2012/2/17,722.62,726.94,709.23,717.8,4661936,8426793472
2012/2/20,726.88,731.41,720.97,721.1,5648109,10548621312
2012/2/21,719.29,736.88,713.65,736.88,6682663,12894851072
2012/2/22,737.78,759.56,737.78,759.56,8969181,17076254720
2012/2/23,760.67,765.42,748.62,756.9,8406383,16461541376
2012/2/24,756.16,764.74,755.19,762.29,7390735,14471958528
2012/2/27,763.96,771.3,760.24,760.37,8006043,15972548608
2012/2/28,757.45,758.17,737.37,747.77,7978856,15831917568
2012/2/29,747.22,748.09,734.24,735.34,5904584,11878245376
2012/3/1,734.25,748.8,733.78,743.15,5005155,9873183744
2012/3/2,743.85,757.67,743.85,757.67,5487446,10541741056
2012/3/5,759.65,766.75,758.83,759.37,6271369,12583516160
2012/3/6,758.08,758.72,743.61,750.84,6023767,12092240896
2012/3/7,743.05,759.45,740.61,749.27,5943515,11618576384
2012/3/8,751.98,764,751.98,761.7,5558078,10954820608
2012/3/9,764.48,777.69,763.72,777.69,6901048,13933158400
2012/3/12,779.51,786.05,778.51,786.05,6946632,14504777728
2012/3/13,785.53,792.38,782.94,792.38,7151396,14471238656
2012/3/14,795.12,799.83,750.13,756.46,10995380,22280599552
2012/3/15,754.53,759.53,735.09,746.44,7483183,15366283264
2012/3/16,748.05,765.56,745.35,765.56,6549302,13206207488
2012/3/19,764.95,779.56,763.36,779.56,6515828,13428962304
2012/3/20,777.39,777.39,755.4,755.58,6107046,12632648704
2012/3/21,758.89,761.34,737.99,751.79,6039931,12464781312
2012/3/22,750.45,756.35,744.89,750.85,4550955,9307821056
2012/3/23,748.87,750.69,735.15,737.89,4480951,8913027072
2012/3/26,735.16,742.26,731.31,737.21,3642017,7504212992
2012/3/27,739.44,745.83,733.84,735.73,4024034,8327454208
2012/3/28,732.68,732.68,697.51,698.49,5442515,10343206912
2012/3/29,692.37,695.96,676.99,683.96,4575497,8796279808
2012/3/30,682.28,686.5,673.49,678.52,4235670,7524524032
2012/4/5,677.76,698.3,676.51,697.75,4398591,8139047424
2012/4/6,697.86,705.38,695.65,701.9,4392632,8123334144
2012/4/9,699.87,701.59,689.72,689.72,3567381,6617421824
2012/4/10,686.48,697.17,672.99,697.17,4428713,8335929344
2012/4/11,689.85,701.93,685.75,698.49,3932710,7289341952
2012/4/12,699.42,713.25,697.74,713.12,4848404,8742501376
2012/4/13,715.04,723.89,714.24,718.96,5012434,9048128512
2012/4/16,714.85,719.88,712.02,716.23,3810806,7020923392
2012/4/17,716.53,718.46,708.4,709.14,3916592,7205046784
2012/4/18,710.14,724.03,710.1,723.46,4872801,8658684928
2012/4/19,723.83,728.46,721.59,725.12,4816491,8671576064
2012/4/20,724.13,728.72,720.83,728.72,4664623,8563812864
2012/4/23,724.9,724.9,689.44,690.43,7329877,12184521728
2012/4/24,680.61,689.88,663.92,681.53,5847302,9768646656
2012/4/25,679.75,684.48,674.55,682.52,4409875,7488756736
2012/4/26,683.02,685.82,673.94,678.44,3854188,6394000384
2012/4/27,677.55,689.1,676.07,685.13,4055113,6645783040
2012/5/2,692.35,696.42,686.18,693.61,4355691,7297611264
2012/5/3,693.4,699.41,690.76,699.31,4122606,7163296256
2012/5/4,699.88,713.84,699.88,713.19,5389720,9559414784
2012/5/7,710.98,733.05,709.87,733.05,6120061,11365817344
2012/5/8,733.83,738.52,730.55,731.72,6619395,12256105472
2012/5/9,727.6,727.7,718.72,719.35,5805832,10722111488
2012/5/10,718.24,730.78,718.24,727.29,5157954,9364614144
2012/5/11,726.56,730.83,720.93,721.08,6002106,10597365760
2012/5/14,725.52,729.67,717.94,719.87,6024591,10781062144
2012/5/15,714.58,720.21,709.63,720.12,5181662,8551771136
2012/5/16,718.71,722.21,709.88,709.96,4539304,7995873792
2012/5/17,709.5,718.44,703.93,716.17,4652232,7831744512
2012/5/18,711.69,717.27,705.25,706.22,5671257,9506850816
2012/5/21,705.87,709.68,698.81,704.8,4603324,7718874112
2012/5/22,706.92,714.91,706.92,714.66,4144233,7065822720
2012/5/23,715.03,717.2,705.2,713.02,5134553,8355796992
2012/5/24,711.69,718.02,710.07,712.58,5074632,7938728960
2012/5/25,713.04,714.9,700.62,702.73,4753242,7405139456
2012/5/28,699.64,707.49,686.07,706.47,4642532,6957912064
2012/5/29,705.79,721.73,704.2,720.45,5517465,8614718464
2012/5/30,720.57,731.28,719.14,727.19,6051260,9449500672
2012/5/31,724.46,740.49,721.71,734.45,6704539,10470689792
2012/6/1,733.62,739.93,730,734.26,6364929,10281750528
2012/6/4,721.68,734.26,717.04,717.1,6180151,9890634752
2012/6/5,718.11,721.57,713.58,715.93,4196363,6980780544
2012/6/6,717.13,722.36,711.19,715.24,3899402,6135926784
2012/6/7,721.56,725.29,709.17,711.43,4404545,7129427456
2012/6/8,716.42,721.36,710.27,713.92,5113299,8438784000
2012/6/11,714.12,734.5,714.12,734.5,6469825,10564126720
2012/6/12,731.04,739.02,729.71,735.29,6473938,10540725248
2012/6/13,735.6,746.51,735.6,746.51,7171411,11393904640
2012/6/14,745.76,750.28,739.91,740.97,7100317,11173153792
2012/6/15,742.38,747.3,733.33,742.27,6901456,10690937856
2012/6/18,744.05,753.77,744.05,752.98,7963397,12661066752
2012/6/19,751.27,752.77,746.09,747.49,8450025,13676334080
2012/6/20,747.64,751.9,746.03,748.39,8516857,13382779904
2012/6/21,746.61,746.61,732.17,739.05,7793460,12077731840
2012/6/25,736.18,736.18,720.47,720.6,6650404,10246996992
2012/6/26,716.3,719.33,703.03,715.92,6050190,9346808832
2012/6/27,715.52,728.54,715.38,718.93,6893909,11153945600
2012/6/28,719.09,723.07,710.9,711.14,7400715,11543261184
2012/6/29,708.11,726.68,705.86,726.68,7104600,10943667200
2012/7/2,730.77,744.96,730.76,741.19,7743385,12662420480
2012/7/3,742.2,751.36,739.92,743.9,9347557,15016558592
2012/7/4,744.7,747.84,736.9,739.62,7965050,12651426816
2012/7/5,738.49,738.49,721.36,724.31,7451569,12658470912
2012/7/6,727.69,737.69,712.44,737.29,8229852,13946958848
2012/7/9,733.66,737.79,721.6,722.28,7618162,12513336320
2012/7/10,719.89,721.81,710.73,713.53,7035974,11258740736
2012/7/11,710.89,719.3,706.72,719.3,5668274,9289323520
2012/7/12,718.62,735.7,717.2,734.32,7327214,12010071040
2012/7/13,731.49,736.46,722.65,725.79,7484220,11769922560
2012/7/16,722.82,722.82,691.23,691.39,8277827,12381728768
2012/7/17,687.74,697,686.11,697,5490463,8135859712
2012/7/18,695.92,702.17,684.3,702.14,6205299,9330485248
2012/7/19,701.23,714.92,698.48,709.17,7086094,10606736384
2012/7/20,707.83,714.15,704.87,706.25,5726629,8561981952
2012/7/23,703.2,708.21,697.69,704.57,5174113,7928103424
2012/7/24,700.58,712.11,698.39,706.4,5225362,7916527104
2012/7/25,704.7,715.97,703.35,708.3,6079427,9581916160
2012/7/26,707.77,717.76,704.97,706.73,5454038,9334447104
2012/7/27,707.97,711.57,698.18,703.58,5414012,9297520640
2012/7/30,703.7,707.63,685.84,688.47,5253858,8081163264
2012/7/31,686.54,687.69,672.28,676.96,4853301,7268195328
2012/8/1,677.53,694.54,676.34,689.49,4694356,7264237056
2012/8/2,688.33,694.83,684.2,690.98,4952914,8007464448
2012/8/3,691.79,711.93,690.26,711.93,6116857,9951736832
2012/8/6,708.26,731.39,706.83,730.42,7449598,12166360064
2012/8/7,729.63,737.58,729.44,736.01,7168251,12394072064
2012/8/8,734.88,734.88,723.98,730.07,5817704,9512718336
2012/8/9,729.5,743.23,727.7,743.2,7047415,11361188864
2012/8/10,743.29,744.84,736.55,743.07,6130295,9977134080
2012/8/13,742.38,742.38,726.93,727.64,6153185,9743977472
2012/8/14,726.84,736.45,714.65,736.35,6321177,9961434112
2012/8/15,734.87,736.28,728.49,729.73,5061584,8380068864
2012/8/16,728.66,730.13,720.72,723.53,4190765,6519141376
2012/8/17,721.33,723.2,714.02,721.05,4587319,7575894016
2012/8/20,718.14,732.67,713.15,730.87,5226300,7873941504
2012/8/21,730.29,752.78,729.99,748.94,8531240,12839672832
2012/8/22,749,756.53,743.61,746.85,8927210,13830392832
2012/8/23,745.47,751.71,741.38,750.56,8967547,13400264704
2012/8/24,747.73,750.36,733.31,733.31,7938355,11822662656
2012/8/27,731.67,731.67,721.2,722.57,6616475,9809826816
2012/8/28,720.83,733.13,717.53,727.62,6369417,9864505344
2012/8/29,726.7,736.74,722.82,726.94,7768386,11864800256
2012/8/30,727.21,729.05,692.14,704.04,9026271,13884425216
2012/8/31,701.37,710.02,698.62,706.63,5713335,8490187776
2012/9/3,703.81,725.17,701.7,723.87,6550695,10114033664
2012/9/4,724.7,732.36,721.52,722.72,7726658,11831121920
2012/9/5,721.07,732.77,719.34,730.62,7974380,11487495168
2012/9/6,732.46,739.74,731.24,739.74,8159590,11740805120
2012/9/7,744.65,764.45,744.24,759.46,13543457,19814879232
2012/9/10,759.69,765.31,756.03,762.31,11740557,17374341120
2012/9/11,761.55,762.51,756.77,761.73,10596146,15177980928
2012/9/12,763.05,766.52,754.32,762.51,9339447,13624421376
2012/9/13,761.78,764.36,749.89,749.89,9173258,13205102592
2012/9/14,753.6,756.2,738.95,744.47,8116033,11716486144
2012/9/17,742.69,742.69,724.15,724.15,6607894,9249357824
2012/9/18,722.38,730.36,720.45,723.61,5238138,7477219840
2012/9/19,724.89,730.3,723.64,728.25,5185624,7229563904
2012/9/20,727.96,727.96,704.91,706.69,7233442,10191954944
2012/9/21,703.42,706.52,689.54,691.14,5853244,8191401472
2012/9/24,685.99,695.19,678.35,690.34,4778873,6574087168
2012/9/25,688.21,693.76,680.65,682.34,4456482,6326871040
2012/9/26,680.47,682.67,660.12,661.49,4785551,6489854976
2012/9/27,662.78,680.48,662.78,676.96,5945532,8161648640
2012/9/28,674.19,691.06,671.61,689.64,5422737,7332234240
2012/10/8,690.35,693.64,686.27,690.77,4349179,6159034368
2012/10/9,691.39,712.78,691.39,712.7,7160979,9896807424
2012/10/10,712.15,722.52,709.92,721.85,7759452,10888651776
2012/10/11,720.39,724.7,711.63,711.8,7193188,10103316480
2012/10/12,711.83,721.26,700.97,708.87,5987717,8358520832
2012/10/15,706.23,707.13,694.12,701.96,6047798,8292545024
2012/10/16,700.94,711.87,698.97,705.39,5172678,7118673920
2012/10/17,706.09,711.41,701.64,709.09,4990477,6479669760
2012/10/18,709.29,721.68,709.29,720.52,6401506,8488527360
2012/10/19,720.85,722.61,715.92,719.45,5538692,7311277056
2012/10/22,716.53,724.29,714.7,724.28,4823413,6624268800
2012/10/23,723.83,725.38,710.55,711.26,5466438,7625221632
2012/10/24,707.31,713.96,704.41,707.75,4503437,6164860928
2012/10/25,707.88,710.98,696.45,697.44,5334304,6885203456
2012/10/26,695.89,697.46,680.91,685.33,5193825,6962719232
2012/10/29,684.34,691.6,682.76,688.12,3560575,4970390528
2012/10/30,688.51,694.67,687.79,689.61,3599959,4842596352
2012/10/31,689.63,691.65,685.05,691.65,3571402,4797870592
2012/11/1,692.06,702.95,692.06,701.78,5259020,7205083648
2012/11/2,702.03,703.13,697.06,701.38,4204743,5825715712
2012/11/5,700.11,703.46,690.94,692.87,4639898,6375225344
2012/11/6,693.36,693.37,679.96,690.5,5455889,7189586432
2012/11/7,689.79,692.58,686.61,689.75,4386247,5742192128
2012/11/8,684.89,685.45,675.76,675.85,4815109,6110955520
2012/11/9,674.59,679.02,671.69,672.67,4163753,5322674176
2012/11/12,674.76,681.3,671.63,676.6,4382155,5874602496
2012/11/13,676.26,676.38,666.34,667.33,4886383,6803796992
2012/11/14,666.4,667.78,657.58,665.19,4510091,6310718976
2012/11/15,662.9,667.87,657.35,659.21,4555696,6158166016
2012/11/16,659.38,660.11,653.02,656.2,4490723,5846868480
2012/11/19,654.78,657.38,647.87,656.94,4604529,5909832704
2012/11/20,657.4,661.24,656.08,656.61,5259807,6688985600
2012/11/21,656.44,661.89,646.64,660.03,5876733,7191149568
2012/11/22,659.13,659.2,650.39,651.83,4934022,6072164352
2012/11/23,652.94,656.36,650.27,651.43,5051590,6264629248
2012/11/26,651.06,651.06,638.38,638.88,4251120,5362886656
2012/11/27,635.26,635.26,615.59,616.28,5938245,7055560192
2012/11/28,611.91,611.91,605.69,607.67,4225699,4823148032
2012/11/29,607.17,611.89,601.18,603.17,4185996,4654643712
2012/11/30,602.95,608.54,601.05,606.77,3821376,4240510464
2012/12/3,605.6,607.25,593.2,593.66,4334761,4661747200
2012/12/4,592.4,601.5,585.44,600.8,4819209,5175263744
2012/12/5,599.45,627.85,597.76,624.82,7126108,8027333632
2012/12/6,625.16,630.22,619.49,624.32,5574226,6030375424
2012/12/7,624.15,638.17,622.22,637.49,7409448,8041908224
2012/12/10,638.24,647.54,636.17,646.32,9109238,9947911168
2012/12/11,645.25,646.79,640.69,641.17,7556457,8235945472
2012/12/12,639.91,640.93,631.14,639.51,7066769,8221285888
2012/12/13,638.09,641.17,631.19,632.18,6302316,7262010368
2012/12/14,631.45,656.59,631.22,656.22,10223857,11846290432
2012/12/17,656.75,658.39,646.27,649.61,8774594,10498169856
2012/12/18,648.56,654.35,643.05,646.05,8205784,9741139968
2012/12/19,645.14,654.41,644.97,652.1,7097528,8524705792
2012/12/20,652.04,658.31,648.49,658.31,9026823,11318267904
2012/12/21,658.54,670.81,655.63,668.09,10835753,14339456000
2012/12/24,666.28,679.76,665.88,679.76,9262876,13112773632
2012/12/25,679.57,695.91,678.82,694.12,12040809,16555550720
2012/12/26,693.29,709.08,691.99,709.08,12975128,18161235968
2012/12/27,709.91,712.85,699.37,699.57,12521587,17619947520
2012/12/28,698.91,707.67,694.77,707.67,9936140,14345196544
2012/12/31,708.24,713.86,703.62,713.86,9208257,13917797376
2013/1/4,717.3,718.39,699.17,705.34,10144828,15154004992
2013/1/7,704.37,718.12,702.39,718.12,10828472,15829226496
2013/1/8,718.43,735.34,716.3,733.14,13556817,19833145344
2013/1/9,732.01,740.64,727.91,734.51,13175455,18678321152
2013/1/10,734.31,743.55,734.31,741.18,11541677,16211094528
2013/1/11,740.9,746.04,730.4,731.59,13876465,20569313280
2013/1/14,735.65,761.73,735.18,760.55,14605320,22010695680
2013/1/15,763.63,781.42,763.63,778.6,17366908,25882933248
2013/1/16,777.04,779.93,762.04,774.49,13673648,20057534464
2013/1/17,773.79,775.82,767.49,768.31,10598854,15815665664
2013/1/18,771.31,787.5,771.31,787.39,10860702,16637221888
2013/1/21,788.07,793.23,783.42,792.6,10446622,16241300480
2013/1/22,792.31,792.55,769.09,775.14,11331764,17303310336
2013/1/23,773.74,779.56,765.36,778.48,9171227,14057891840
2013/1/24,778.64,784.32,750.36,757.87,11159146,16720369664
2013/1/25,757.61,766.78,756.61,762.85,7258003,10749982720
2013/1/28,764.09,784.76,764.09,784.76,8328960,12456329216
2013/1/29,785.76,795.07,785.76,791.67,9819117,15013086208
2013/1/30,791.96,792.77,778.3,783.68,9572741,14417986560
2013/1/31,784.11,784.11,771.15,776.01,9124011,13519128576
2013/2/1,775.11,785.52,772.94,782.36,8442919,12554439680
2013/2/4,783.74,786.56,767.85,771.9,9158984,13392111616
2013/2/5,768.41,781.57,765.97,780.98,7394332,11308108800
2013/2/6,781.32,794.5,781.32,791.26,7177630,10775901184
2013/2/7,792.86,806.31,789.37,805.59,7153997,11240182784
2013/2/8,804.96,824.31,804.96,823.03,8513248,13504165888
2013/2/18,829.66,835.66,825.95,835.28,10496588,15841476608
2013/2/19,834.97,835.41,816.96,819.71,9619500,14588090368
2013/2/20,819.03,850.86,819.03,850.86,10784608,16691666944
2013/2/21,846.64,853.27,829.6,839.3,12723522,18881642496
2013/2/22,837.13,848.16,836.87,838.76,9580222,13950874624
2013/2/25,838.88,857.85,838.88,855.69,10134053,15521523712
2013/2/26,853.28,865.8,849.94,851.22,11871814,19095373824
2013/2/27,852.13,856.12,835.94,846.09,10080143,15728186368
2013/2/28,846.34,861.1,844.2,861.1,10356164,16057695232
2013/3/1,860.8,885.18,859.83,884.89,13695510,21383831552
2013/3/4,880.25,888.79,855.05,863.5,13807495,21720938496
2013/3/5,861.23,888.32,857.54,888.1,10776581,17242796032
2013/3/6,890.23,905.16,890.23,902.9,13402306,21524629504
2013/3/7,902.41,902.41,867.87,877.34,12172461,19729752064
2013/3/8,877.73,882.14,861.81,864.7,8671512,13639058432
2013/3/11,863.12,872.18,858.04,869.15,6526881,10446735360
2013/3/12,869.72,873.47,828.04,839.84,10783893,16449534976
2013/3/13,835.46,836.28,821.35,834.05,7152213,10652182528
2013/3/14,832.29,845.6,831.57,842.04,6051635,9546545152
2013/3/15,841.71,867.87,839.58,853.91,7882427,12735342592
2013/3/18,852.15,862.82,850.1,852.12,6612163,10568657920
2013/3/19,850.06,854.25,829.19,842.69,6628980,10474873856
2013/3/20,842.71,866.27,842.58,866.27,7972105,12451496960
2013/3/21,867.9,885.98,866.68,882.73,9362198,15108823040
2013/3/22,881.9,884.24,876.92,882,7336864,11724414976
2013/3/25,882.75,884.85,874.01,881.76,6744977,10735081472
2013/3/26,878.56,879.85,862.67,876.36,7059627,11288552448
2013/3/27,876.55,885.77,874.25,882.75,6436412,10401603584
2013/3/28,877.85,877.85,861.65,867.51,7385805,11886965760
2013/3/29,868.09,872.78,860.96,866.46,5532532,9101844480
2013/4/1,866.65,879.92,865.98,877,5866251,9972400128
2013/4/2,875.33,883.15,843.21,845.16,7456575,12862229504
2013/4/3,842.36,845.49,827.27,835.14,6106939,9845919744
2013/4/8,824.78,853.62,817.35,853.48,6575442,10564593664
2013/4/9,854.51,864.12,853.94,861.99,5703842,9177426944
2013/4/10,861.27,861.91,843.1,850.53,5556804,8865507328
2013/4/11,853.14,855.96,847.39,847.78,4771678,7235177984
2013/4/12,847.2,854.22,845.85,846.61,4371018,6728067072
2013/4/15,844.11,845.75,834.01,836.34,3993101,6128636928
2013/4/16,828.94,846.05,824.84,846.05,4382004,6647623168
2013/4/17,845.09,867.51,844.92,867.51,5291209,8736040960
2013/4/18,862.7,876,860.72,873.48,6084981,9963130880
2013/4/19,874.88,895.87,874.88,892.21,8028408,13077397504
2013/4/22,890.93,916.02,889.26,916.02,8193787,14337879040
2013/4/23,916.42,916.54,892.11,893.79,8480976,14524450816
2013/4/24,894.69,925.01,894.69,923.41,8772878,15710853120
2013/4/25,924.22,937.56,903.61,903.63,10505929,19587080192
2013/4/26,902,904.3,886.4,889.38,7160700,12785017856
2013/5/2,887.08,914.17,883.79,913.65,5383285,10506943488
2013/5/3,916.01,940.28,916.01,939.21,7910952,14597166080
2013/5/6,941.09,962.63,941.09,958.02,10341541,18598537216
2013/5/7,956.42,964.71,949.84,957.44,9122569,15957870592
2013/5/8,960.98,980.08,960.7,980.08,10723616,18857277440
2013/5/9,978.94,994.27,978.07,992.16,13408967,23758632960
2013/5/10,989.15,996.59,977.43,988.3,12371031,21310412800
2013/5/13,989.37,995.25,978.72,995.11,10894688,18306508800
2013/5/14,992.62,992.62,971.35,976.33,10262555,17409347584
2013/5/15,976.95,1012.67,976.95,1012.66,11464506,19375781888
2013/5/16,1010.95,1034.35,999.49,1009.53,16214896,27452932096
2013/5/17,1006.47,1029.11,1004.42,1023.4,13263336,21290102784
2013/5/20,1025.17,1052.7,1025.17,1051.65,16894820,27767130112
2013/5/21,1049.6,1074.89,1045.46,1073.58,17795689,29065637888
2013/5/22,1067.44,1067.5,1036.31,1039.81,17050076,27248621568
2013/5/23,1035.31,1061.53,1033.12,1042.9,14146082,22701936640
2013/5/24,1044.29,1073.78,1044.29,1073.78,15023081,24297488384
2013/5/27,1075.83,1091.25,1075.83,1089.72,16132261,26457536512
2013/5/28,1089.77,1090.16,1055.64,1059,15413444,23989071872
2013/5/29,1055.6,1067.03,1053.18,1065.96,11569456,17909071872
2013/5/30,1063,1078.46,1059.83,1073.87,12702507,20346191872
2013/5/31,1074.48,1086.33,1068.07,1073.02,14032823,22499563520
2013/6/3,1070.73,1074.82,1050.21,1052.14,12668299,21331220480
2013/6/4,1049.1,1049.26,1011.4,1022.46,12745387,20321665024
2013/6/5,1021.02,1038.03,1021.02,1032.76,9397943,14973285376
2013/6/6,1027.05,1031.36,1020.83,1022.13,9843383,15174045696
2013/6/7,1022.56,1039.65,1018.45,1030.14,10557897,16621046784
2013/6/13,1019.47,1029.28,986.05,1029.28,9936155,16138304512
2013/6/14,1029.93,1069.81,1029.93,1068.15,11803686,20003010560
2013/6/17,1074.53,1091.91,1068.61,1073.69,13475017,23780827136
2013/6/18,1073.31,1078.53,1053.33,1072.93,11576012,19697598464
2013/6/19,1064.74,1070.35,1053.8,1067.63,10743146,17854935040
2013/6/20,1060.38,1067.95,1027.84,1029.53,11540617,18814142464
2013/6/21,1007.87,1030.13,988.22,1025.5,11389660,17502572544
2013/6/24,1023.22,1023.22,961.84,971.45,12623825,19105261568
2013/6/25,958.35,991.64,903.67,984.75,15317767,23112777728
2013/6/26,984.94,1039.01,984.88,1038.98,16903147,26334158848
2013/6/27,1043.66,1063.02,1020.46,1022.5,17666647,28082190336
2013/6/28,1012.64,1037.42,1002.19,1011.66,12387924,19117441024
2013/7/1,1011.27,1055.84,1005.8,1055.84,12474594,19904761856
2013/7/2,1056.91,1086.4,1056.91,1083.25,15790757,26463344640
2013/7/3,1079.65,1108.49,1065.51,1104.58,16168071,27607494656
2013/7/4,1097.77,1105.79,1085.4,1087.9,14852731,24740087808
2013/7/5,1087.69,1091.82,1057.13,1057.27,13408042,21923590144
2013/7/8,1035.94,1057.04,1015.67,1030.6,12582243,18990872576
2013/7/9,1028.56,1051.51,1026.46,1050.72,10557293,16838216704
2013/7/10,1049.21,1069.39,1048.73,1068.86,12160100,19681980416
2013/7/11,1066.7,1082.78,1057.44,1080.78,13950763,21739331584
2013/7/12,1079.33,1117.69,1077.31,1096.3,15481149,25711349760
2013/7/15,1096.19,1139.57,1096.19,1139.57,17356196,29363380224
2013/7/16,1141.57,1153.07,1129.74,1143.2,17169449,27951026176
2013/7/17,1140.73,1149.47,1118.85,1129.48,17598208,28429379584
2013/7/18,1124.79,1138.09,1118.63,1127.97,16214187,25474945024
2013/7/19,1125.77,1156.09,1116.01,1116.01,18433527,29472645120
2013/7/22,1109.96,1153.77,1107.34,1153.77,15878729,25835331584
2013/7/23,1161.08,1179.46,1160.45,1178.59,19928651,32615856128
2013/7/24,1181.36,1208.13,1177.59,1203.31,20958971,34708635648
2013/7/25,1205.62,1207.23,1148.81,1150.39,20110375,33801043968
2013/7/26,1150.25,1166.21,1133.16,1158.35,14411688,24185317376
2013/7/29,1155.81,1168.47,1136.4,1136.98,13991334,23761195008
2013/7/30,1137.15,1147.02,1095.65,1124.1,13415517,22088372224
2013/7/31,1126.1,1143.37,1117.34,1134.02,11352306,18354384896
2013/8/1,1135.45,1191.12,1135.45,1190.11,16891922,27429799936
2013/8/2,1196.17,1208.33,1187.31,1188.85,19517891,31209883648
2013/8/5,1186.73,1202.83,1182.54,1202.83,16244668,25389410304
2013/8/6,1202.09,1219.12,1200.69,1211.78,16970664,28006711296
2013/8/7,1208.5,1209.37,1173.26,1175.7,16533909,27025319936
2013/8/8,1172.09,1195.92,1165.32,1185.96,12980114,21070532608
2013/8/9,1185.64,1194.78,1153.45,1172.52,14222932,23022667776
2013/8/12,1174.09,1185.37,1146.02,1161.87,14338272,23048910848
2013/8/13,1161.49,1180.61,1151.68,1172.33,13353812,20796631040
2013/8/14,1175.63,1186.29,1160.02,1180.66,16202466,25033859072
2013/8/15,1177.85,1184.4,1165.77,1167.09,15192214,23629228032
2013/8/16,1158.96,1178.84,1131.44,1132.09,15946678,24698322944
2013/8/19,1126.64,1172.03,1125.59,1171.4,13073910,21206251520
2013/8/20,1170.99,1180.99,1164.38,1175.78,15348980,24397279232
2013/8/21,1173.61,1185.54,1169.49,1181.34,14205580,22532618240
2013/8/22,1180.19,1204.59,1178.41,1197.13,15582737,25670354944
2013/8/23,1200.68,1225.89,1188.82,1219.83,18475567,32292450304
2013/8/26,1220.98,1241.47,1220.58,1238.17,15475788,26959400960
2013/8/27,1238.27,1251.04,1226.38,1250.75,15101603,25907142656
2013/8/28,1244.01,1253.4,1228,1228,16908632,29987170304
2013/8/29,1224.61,1236.46,1217.52,1226.3,12459208,21806229504
2013/8/30,1221.87,1226.36,1181.89,1185.15,15474750,25330360320
2013/9/2,1179.32,1210.53,1178.01,1210.19,9910558,17221801984
2013/9/3,1217.77,1234.59,1214.3,1234.59,10850674,19774683136
2013/9/4,1233.5,1245.78,1227.32,1236.35,11878652,21525059584
2013/9/5,1233.82,1267.53,1233.26,1267.26,13692141,25634555904
2013/9/6,1267.84,1288.26,1261.58,1282.75,14537532,26119628800
2013/9/9,1282.65,1283.7,1258.13,1275.91,15545329,28535402496
2013/9/10,1277.87,1278.04,1254.01,1263.59,14939381,26942617600
2013/9/11,1256.66,1256.66,1216.37,1220.71,16208156,26570358784
2013/9/12,1215.69,1236.59,1211.6,1220.63,10582306,17855035392
2013/9/13,1221.15,1256.04,1210.4,1253.45,11193164,20388632576
2013/9/16,1254.47,1297.64,1254.47,1278.8,12435700,24339519488
2013/9/17,1279.26,1285.63,1267.71,1269.36,11536022,21436215296
2013/9/18,1268.34,1292.33,1262.33,1289.64,11226571,20341102592
2013/9/23,1292.76,1326.41,1291.33,1326.09,15010865,26553438208
2013/9/24,1325.89,1340.52,1310.33,1328.4,16213363,29200128000
2013/9/25,1324.19,1344.39,1320.11,1323.04,14115350,26173976576
2013/9/26,1318.52,1332.12,1301.14,1306.34,13170773,24308920320
2013/9/27,1305.51,1330.69,1301.48,1323.76,12841526,23197798400
2013/9/30,1329.56,1368.66,1329.56,1367.91,11271965,22024208384
2013/10/8,1376.37,1389.73,1363.9,1387.66,14307748,28890810368
2013/10/9,1385.96,1418.48,1382.1,1415.83,15712792,31598180352
2013/10/10,1422.36,1423.97,1377.32,1378.15,17595100,35573186560
2013/10/11,1377.98,1386.54,1357.49,1379.9,15418385,30153476096
2013/10/14,1374.47,1394.34,1370.72,1393.6,15929058,29836716032
2013/10/15,1397.21,1409.5,1378.81,1389.75,17424881,32699932672
2013/10/16,1393.01,1393.1,1323.87,1335.1,16294064,31582304256
2013/10/17,1339.31,1355.65,1317.75,1322.99,16227186,29471258624
2013/10/18,1327.1,1353.97,1327.1,1349.94,13405969,24821760000
2013/10/21,1358.88,1403.11,1358.88,1400.97,17347150,31820222464
2013/10/22,1401.47,1408.46,1348.69,1350.47,21904618,40047493120
2013/10/23,1336.23,1336.23,1293.82,1311.23,17911764,31975895040
2013/10/24,1307.11,1319.37,1287.88,1295.93,12197037,22412683264
2013/10/25,1298.72,1304.49,1255.59,1269.17,14500064,26000580608
2013/10/28,1264.14,1286,1262.34,1279.05,12298115,21853784064
2013/10/29,1276.27,1292.97,1205,1261.68,17475129,29907228672
2013/10/30,1256.24,1274.34,1251.01,1273.29,12776898,23099449344
2013/10/31,1266.56,1266.56,1232.4,1235.56,11966456,21578768384
2013/11/1,1227.69,1233.57,1198.81,1221.96,11666154,21308018688
2013/11/4,1217.28,1240.88,1216.85,1222.46,10090941,18139619328
2013/11/5,1217.64,1260.37,1208.35,1260.03,12312914,21556760576
2013/11/6,1255.47,1277.43,1241.76,1241.79,13869196,25085128704
2013/11/7,1234.24,1250.57,1219.31,1224.05,10827570,18638215168
2013/11/8,1215.68,1226.32,1204.52,1211.11,10027417,17887410176
2013/11/11,1208.26,1223.77,1191.18,1212.69,9151372,16533169152
2013/11/12,1213.31,1233.19,1209.54,1228.35,11849087,20715921408
2013/11/13,1226.53,1236.39,1210.66,1212.08,11896718,20988614656
2013/11/14,1207.45,1251.77,1200.71,1249.67,14711835,26829193216
2013/11/15,1248.26,1287.08,1248.07,1269.05,17592110,32555853824
2013/11/18,1275.55,1295.21,1275.55,1291.15,17372801,30896439296
2013/11/19,1293.06,1312.07,1289.91,1298.17,17254948,30573383680
2013/11/20,1299.68,1303.45,1283.66,1299.26,14999286,26687563776
2013/11/21,1295.93,1304.74,1288.21,1298.95,15510614,28426135552
2013/11/22,1298.47,1300.96,1283.88,1295.07,13785260,25550045184
2013/11/25,1290.84,1305.23,1283.66,1293.8,13616777,25799723008
2013/11/26,1291.62,1299.67,1280.01,1291.85,14632953,28137758720
2013/11/27,1290.19,1336.17,1288.58,1329.48,17314918,34545827840
2013/11/28,1333.05,1342.82,1331.45,1336.66,17112566,33145298944
2013/11/29,1335.63,1369.12,1335.63,1366.83,20077894,39800758272
2013/12/2,1296.7,1317.69,1253.34,1253.93,22464031,39743893504
2013/12/3,1223.38,1261.77,1198.06,1255.33,19229991,33871628288
2013/12/4,1249.59,1276.06,1240.08,1240.29,17508512,30552014848
2013/12/5,1234.5,1236.1,1200.46,1202.07,15902429,27278839808
2013/12/6,1196.32,1215.49,1194.75,1206.78,11847877,20512667648
2013/12/9,1211.39,1241.77,1211.39,1241.72,12274145,22353358848
2013/12/10,1244.57,1249.36,1227.06,1231.92,12573792,22076489728
2013/12/11,1230.78,1255.06,1226.58,1244.51,11848543,21532585984
2013/12/12,1242.15,1285.27,1238.95,1279.32,13711614,26085523456
2013/12/13,1274.17,1286.72,1268.65,1278.14,13409044,24546904064
2013/12/16,1279.06,1293.94,1266.94,1279.96,14699192,26431791104
2013/12/17,1278.53,1282.17,1248.82,1267.67,13695909,23406495744
2013/12/18,1267.77,1267.77,1245.96,1256,12548336,21614483456
2013/12/19,1253.43,1281.82,1253.43,1256.08,12168729,22139764736
2013/12/20,1255.82,1266.03,1246.39,1253.71,10887876,19358593024
2013/12/23,1251.41,1253.67,1224.99,1242.81,11405589,20263745536
2013/12/24,1242,1264.72,1241.91,1258.82,12160292,21672404992
2013/12/25,1262,1288.85,1258.41,1288.34,15466452,28048334848
2013/12/26,1290.87,1297.47,1268.14,1269.54,15968421,29526120448
2013/12/27,1265.08,1297.62,1265.08,1294.3,16428741,28802875392
2013/12/30,1294.42,1307.99,1292.83,1307.99,17242559,29918078976
2013/12/31,1302.67,1309.34,1288.94,1304.44,14670009,25925101568
2014/1/2,1302.3,1333.1,1299.34,1333,16376142,28859387904
2014/1/3,1332.35,1355.12,1331.97,1352.84,19116662,33475250176
2014/1/6,1350.31,1354.15,1322.72,1323.33,17027572,30196224000
2014/1/7,1315.44,1355.4,1312.27,1352.28,14884362,25625233408
2014/1/8,1363.31,1409.21,1363.31,1405.02,22492878,42087665664
2014/1/9,1401.8,1423.84,1379.65,1380.24,20653469,39430127616
2014/1/10,1373.52,1385.86,1347.61,1353.3,13861382,24539396096
2014/1/13,1352.01,1374.15,1349.25,1362.79,12307289,22095708160
2014/1/14,1364.8,1400.92,1364.8,1400.92,15252891,26575872000
2014/1/15,1399.67,1417.42,1397.95,1415.32,16945264,30011791360
2014/1/16,1415.57,1423.12,1392.01,1395.16,17455991,31597408256
2014/1/17,1395.03,1411.55,1391.62,1395.51,15810389,28223385600
2014/1/20,1393.88,1400.94,1362.45,1372.74,16202711,28485300224
2014/1/21,1370.69,1407.45,1370.69,1407.15,17582378,32114014208
2014/1/22,1407.46,1432,1407.46,1431.74,20805985,39733305344
2014/1/23,1433.7,1472.34,1433.17,1461.53,22799105,44890746880
2014/1/24,1458.21,1493.64,1455.95,1484.43,22093328,44243628032
2014/1/27,1477.46,1500.46,1465.14,1477.67,20450627,41782980608
2014/1/28,1476.59,1486.42,1448.47,1471.34,16541491,34476281856
2014/1/29,1472.54,1497.72,1469.58,1496.53,16506821,34668826624
2014/1/30,1494.12,1507.87,1486.82,1495.98,14843349,32870320128
2014/2/7,1489.05,1532.82,1483.69,1532.69,15892295,34163191808
2014/2/10,1536.99,1557.03,1525.94,1553.42,21682497,46050689024
2014/2/11,1550.62,1559.77,1506.04,1527.15,22927987,47991283712
2014/2/12,1527.1,1540.33,1513.91,1539.97,21319228,44951646208
2014/2/13,1537.26,1539.66,1484.42,1485.13,22065731,47121498112
2014/2/14,1484.56,1516.43,1475.95,1515.78,17613823,37157064704
2014/2/17,1521.17,1559.12,1521.17,1558.62,21744953,46446260224
2014/2/18,1558.74,1561.77,1539.21,1545.34,22319417,47633084416
2014/2/19,1544.64,1551.88,1524.39,1544.4,20648878,42963517440
2014/2/20,1545.26,1545.51,1504.17,1515.16,18896407,40257703936
2014/2/21,1512.17,1526.03,1503.81,1519.67,14334863,31613417472
2014/2/24,1517.97,1542.31,1510.46,1540.03,16353711,37284012032
2014/2/25,1543.97,1571.4,1460.41,1472.69,25248335,57281667072
2014/2/26,1452.06,1468,1415.25,1465.99,16707338,36270116864
2014/2/27,1467.27,1496.62,1410.97,1414.66,17271362,38015356928
2014/2/28,1410.4,1436.88,1393,1434.89,13321363,29443127296
2014/3/3,1433.9,1466.23,1431.14,1465.14,13234945,29790128128
2014/3/4,1462.26,1475.5,1446.27,1460.45,13269342,30992717824
2014/3/5,1467.06,1471.04,1454.94,1464.58,12673360,28520046592
2014/3/6,1461.12,1464.41,1427,1462.53,13201713,31236163584
2014/3/7,1463.93,1477.96,1453.63,1460.61,13195195,30562617344
2014/3/10,1446.06,1446.06,1404.59,1407.07,13398525,27597053952
2014/3/11,1399.9,1410.38,1380.97,1395.81,11194251,23542243328
2014/3/12,1390.86,1418.61,1378.89,1399.27,11410842,24447971328
2014/3/13,1401.55,1437.15,1401.43,1436.86,9633420,20801122304
2014/3/14,1433.46,1450.38,1424.01,1434.02,9565163,21222461440
2014/3/17,1436.11,1477.68,1435.32,1477.42,11510241,24591357952
2014/3/18,1479.38,1493.39,1478.72,1485.64,13605173,30450624512
2014/3/19,1481.49,1482.3,1456.9,1466.22,12309232,27095508992
2014/3/20,1463.07,1466.42,1417.17,1417.66,13673304,29000947712
2014/3/21,1405.9,1427.92,1379.74,1419.84,12203934,25094279168
2014/3/24,1411.78,1416.86,1392.51,1397.29,11350111,23877523456
2014/3/25,1392.14,1410.48,1385,1394.82,9708193,19931201536
2014/3/26,1396.91,1424.25,1396.91,1417.61,10503642,21327142912
2014/3/27,1415.55,1417.36,1367.96,1367.96,11704150,23262464000
2014/3/28,1363.87,1364.26,1317.41,1330.5,12565198,23828629504
2014/3/31,1327.23,1340.47,1315.49,1327.8,8067195,15752434688
2014/4/1,1327.18,1355.74,1326.25,1355.05,8320095,16861152256
2014/4/2,1356.68,1360.88,1316.9,1327.98,8936018,18435670016
2014/4/3,1326.81,1344.32,1318.82,1326.18,8771988,17490591744
2014/4/4,1323.41,1347.05,1316.95,1346.74,8297504,16559165440
2014/4/8,1335.39,1351.83,1327.8,1351.18,9691708,18769569792
2014/4/9,1355.37,1376.69,1355.37,1370.46,11938833,23813203968
2014/4/10,1374.61,1395.04,1374.61,1381.14,14063900,28469202944
2014/4/11,1370.4,1370.4,1352.13,1363.9,10808003,21014579200
2014/4/14,1367.75,1378.32,1367.75,1372.73,9870846,19380641792
2014/4/15,1375.69,1380.86,1367.23,1369.89,9744830,19139205120
2014/4/16,1365.83,1367.91,1353.78,1359.3,8503591,16170488832
2014/4/17,1360.75,1373.85,1360.75,1367.59,8546019,16434265088
2014/4/18,1365.36,1377.84,1362.61,1377.42,8829689,16940392448
2014/4/21,1367.93,1384.69,1363.01,1363.85,9889346,19932604416
2014/4/22,1361.58,1367.63,1317.1,1336.19,10385272,20623759360
2014/4/23,1332.93,1338.67,1318.24,1326.44,7666299,15531985920
2014/4/24,1325.86,1326.96,1303.23,1319.51,8919226,17928550400
2014/4/25,1316.37,1318.07,1290.36,1291.9,8835224,16760297472
2014/4/28,1283.64,1283.87,1256.12,1257.26,9609466,17432756224
2014/4/29,1253.24,1274.21,1248.32,1266.54,7814229,14506907648
2014/4/30,1266.34,1287.77,1266.34,1283.21,7374832,13606328320
2014/5/5,1281.16,1302.68,1279.31,1302.15,7805789,14705576960
2014/5/6,1301.59,1327.8,1301.59,1316.86,9736761,18881607680
2014/5/7,1313.38,1313.38,1289.56,1290.03,9100635,17165532160
2014/5/8,1284.44,1300.83,1279.29,1279.84,8548140,15493596160
2014/5/9,1279.68,1282.82,1249.56,1258.58,8506314,15061423104
2014/5/12,1263.92,1281.1,1250.94,1278.28,8980389,15835034624
2014/5/13,1274.57,1293.82,1273.33,1276.24,9329826,16388922368
2014/5/14,1273.21,1282.35,1269.24,1278.66,8878107,15697816576
2014/5/15,1276.64,1283.43,1253.62,1253.88,10236024,18930286592
2014/5/16,1250.38,1252.39,1210.81,1226.47,9953688,17949372416
2014/5/19,1224.65,1233.84,1213.99,1228.37,8545538,14563387392
2014/5/20,1239.65,1261.94,1239.65,1244.65,10926750,19998478336
2014/5/21,1241.02,1257.8,1231.87,1257.8,9256264,16086345728
2014/5/22,1259.87,1287.87,1259.87,1269.51,12565253,22324895744
2014/5/23,1269.18,1296.84,1262.1,1296,12017865,21175267328
2014/5/26,1301.87,1323.84,1301.87,1320.76,15387081,27351087104
2014/5/27,1319.66,1319.66,1303.15,1306.28,13090007,22528002048
2014/5/28,1306.29,1339.03,1306.29,1338.97,16564285,29190705152
2014/5/29,1338.3,1341.57,1312.42,1314.21,14197108,25754220544
2014/5/30,1312.3,1323.59,1300.09,1318.13,12574903,21473505280
2014/6/3,1317.99,1332.78,1317.99,1319.63,12791586,22022774784
2014/6/4,1318.33,1321.72,1303.36,1321.72,13109901,22923667456
2014/6/5,1320.14,1356.53,1317.53,1355.48,15641622,27550187520
2014/6/6,1354.91,1362.98,1340.83,1350.45,16552682,28537595904
2014/6/9,1348.77,1349.92,1326.63,1326.68,13532664,23049562112
2014/6/10,1327.11,1356.97,1316.84,1353.87,15779122,27618545664
2014/6/11,1350.38,1371.25,1348.4,1367.39,18025290,30652342272
2014/6/12,1364.41,1375.98,1358.08,1363.74,17077623,29256415232
2014/6/13,1361.09,1386.35,1359.65,1382.73,18362713,31890419712
2014/6/16,1384.16,1397.63,1384.16,1395.61,19278958,34018332672
2014/6/17,1396.38,1396.38,1377.4,1377.43,17134809,30727352320
2014/6/18,1377.58,1384.87,1363.75,1363.99,15282855,26536611840
2014/6/19,1363.45,1370.31,1310.49,1320.66,16903318,28344330240
2014/6/20,1319.11,1335.65,1313.14,1333.98,11907174,20364916736
2014/6/23,1335.18,1366.59,1335.18,1361.28,14514949,26060365824
2014/6/24,1360.08,1372.16,1359.13,1369.44,14517845,25453965312
2014/6/25,1368.66,1368.66,1347.82,1358.71,13895424,25052772352
2014/6/26,1360.2,1391.3,1360.2,1386.27,18635117,34326822912
2014/6/27,1388.38,1397.96,1382.07,1388.82,18283794,34164119552
2014/6/30,1388.47,1404.71,1374.3,1404.71,18787736,34382168064
2014/7/1,1405.44,1415.33,1398.15,1411.74,19457801,34672238592
2014/7/2,1413.17,1425.3,1402.22,1419.94,20532463,36251836416
2014/7/3,1419.81,1428.67,1412.16,1422.6,20417851,35608403968
2014/7/4,1421.68,1423.89,1406.21,1411.64,19215140,33754023936
2014/7/7,1411.99,1411.99,1381.94,1393.89,18228061,31780405248
2014/7/8,1392.35,1410.73,1379.49,1410.73,18990540,33694904320
2014/7/9,1410.39,1418.68,1384.26,1384.58,21751111,38173839360
2014/7/10,1384.45,1387.89,1362.35,1363.88,16514057,29716566016
2014/7/11,1361.57,1372.12,1351.77,1359.34,15365743,27890266112
2014/7/14,1358.17,1367.82,1342.56,1367.07,17042173,30878248960
2014/7/15,1364.08,1366.16,1332.87,1341.27,19208905,33258442752
2014/7/16,1338.92,1344.36,1310.86,1318.62,16034403,28027226112
2014/7/17,1315.09,1323.24,1304.58,1312.81,11842502,21050556416
2014/7/18,1309.96,1321.93,1300.76,1305.92,11155743,19311493120
2014/7/21,1304.72,1313.56,1287.24,1306.97,12051162,20787900416
2014/7/22,1306.32,1330.29,1305.03,1329.35,12251800,21147627520
2014/7/23,1330.14,1332.36,1287.64,1293.09,14436101,25155897344
2014/7/24,1291.49,1291.49,1255.69,1271.88,14051676,23820675072
2014/7/25,1271.43,1288.67,1270.37,1285.77,10526882,18069397504
2014/7/28,1289.1,1316.04,1286.66,1314.53,13836976,22428645376
2014/7/29,1315.75,1337.53,1310.84,1331.76,15257236,25686812672
2014/7/30,1330.19,1345.35,1329.07,1342.74,15005274,26036908032
2014/7/31,1342.73,1346.22,1334.26,1344.54,13773804,22911027200
2014/8/1,1339.98,1343.58,1324.19,1325.94,16091302,25580277760
2014/8/4,1325.01,1331.8,1324.26,1329.82,12393537,20114649088
2014/8/5,1330.32,1363.12,1321.2,1360.69,19490645,32314273792
2014/8/6,1357.53,1368.53,1353.95,1365.74,15491641,25903112192
2014/8/7,1365.18,1381.46,1361.33,1362.03,16000260,26280695808
2014/8/8,1368.06,1381.44,1368.06,1377.44,14450098,24448167936
2014/8/11,1379.47,1397.97,1379.47,1397.78,17239951,28335906816
2014/8/12,1398.15,1402.75,1393.11,1396.44,17256326,28757669888
2014/8/13,1396.26,1397.1,1370.08,1384.31,18046571,30312953856
2014/8/14,1384.72,1394.52,1378.95,1380.3,18617046,30235217920
2014/8/15,1382.87,1392.49,1377.93,1392.45,17949342,28453128192
2014/8/18,1394.64,1429,1394.64,1428.74,22445292,38135816192
2014/8/19,1436.42,1446.79,1427.06,1436.4,24187900,42152759296
2014/8/20,1438.29,1438.29,1421.92,1427.4,19028784,33431715840
2014/8/21,1428.63,1447.91,1421.24,1447.88,19577488,35003797504
2014/8/22,1450.1,1465.67,1446.04,1461.72,22099973,39074152448
2014/8/25,1461.21,1461.49,1439.86,1443.81,19962446,35683684352
2014/8/26,1440.7,1443.6,1406.34,1411.15,18360054,31833655296
2014/8/27,1411.76,1427.32,1411.76,1420.54,13789763,24509396992
2014/8/28,1423.34,1424.29,1398.56,1403.8,13699751,24695572480
2014/8/29,1400.84,1424.47,1400.83,1424.47,11562446,21466462208
2014/9/1,1428.37,1453.12,1427.93,1452.84,15490858,28766846976
2014/9/2,1457.51,1465.04,1452.71,1465.03,20826444,38989307904
2014/9/3,1468.09,1479.83,1461.23,1477.67,23968683,43823431680
2014/9/4,1478.33,1495.81,1472.89,1495.51,24424653,46283096064
2014/9/5,1497.99,1498.26,1482.04,1489.84,21209165,38922432512
2014/9/9,1492.45,1497.42,1479.06,1494.02,21566028,39473827840
2014/9/10,1491.41,1506.47,1484.71,1504.91,21773264,39693209600
2014/9/11,1506,1532.31,1502.39,1513.01,26218382,48113975296
2014/9/12,1512.4,1524.33,1506.88,1524.12,20829285,37790334976
2014/9/15,1522.57,1528.57,1517.3,1526.14,23470990,44328910848
2014/9/16,1527.07,1529.4,1471.61,1473.13,27119821,49893588992
2014/9/17,1473.52,1481.06,1456.5,1479.12,17503913,31575259136
2014/9/18,1477.31,1492.61,1474.65,1490.79,15765159,28453128192
2014/9/19,1492.1,1501.39,1486.28,1499.12,16834430,30655012864
2014/9/22,1496.96,1496.96,1480.18,1483.35,18443515,33527089152
2014/9/23,1485.51,1502.04,1483.04,1500.99,17264769,32133980160
2014/9/24,1501.04,1517.42,1497.89,1517.42,20795696,37969571840
2014/9/25,1520.1,1523.25,1505.65,1508.42,22699612,41689157632
2014/9/26,1506.31,1512.8,1502.5,1511.36,18315997,33634248704
2014/9/29,1515.38,1526.36,1515.38,1526.18,21163797,41018613760
2014/9/30,1527.26,1540.95,1527.26,1540.87,19584148,37207060480
2014/10/8,1543.59,1557.57,1537.01,1557.57,21221706,41662423040
2014/10/9,1562.1,1569.06,1541.67,1561.17,25641919,49641332736
2014/10/10,1559.93,1563.87,1546.22,1554.22,22691637,43535384576
2014/10/13,1548.18,1548.88,1527.7,1548.33,21551881,40575692800
2014/10/14,1546.67,1560.06,1532.44,1539.12,20848818,39319654400
2014/10/15,1539.35,1545.75,1527.19,1545.62,19598465,37716766720
2014/10/16,1539.86,1551.84,1526.54,1526.56,20861354,40500736000
2014/10/17,1527.46,1529.55,1488.47,1511.05,20135109,39014694912
2014/10/20,1513.42,1532.38,1513.42,1532.38,14849203,30518734848
2014/10/21,1535.07,1537.67,1515.93,1517.48,15816636,32957558784
2014/10/22,1518.8,1524.8,1503.82,1504.55,15915656,32090503168
2014/10/23,1500.55,1501.72,1474.04,1477.84,16279293,31424620544
2014/10/24,1478.34,1493.53,1473.06,1477.59,12401052,25079302144
2014/10/27,1473.66,1492.01,1465.96,1492.01,14263073,29399910400
2014/10/28,1495.69,1522.05,1495.69,1522.05,17756331,35487727616
2014/10/29,1525.98,1535.8,1524.08,1530.08,21378044,42886025216
2014/10/30,1532.91,1539.21,1522.64,1525.77,19050519,38141157376
2014/10/31,1527.61,1529.55,1502.25,1513.27,18562325,36989116416
2014/11/3,1513.25,1529.9,1513.2,1529.89,17033744,34225192960
2014/11/4,1531.82,1538.18,1514.47,1516.4,17887450,37143355392
2014/11/5,1514.77,1517.02,1505.98,1512.49,14780292,29673402368
2014/11/6,1513.72,1532.87,1510.78,1532.52,15875527,34072266752
2014/11/7,1535.49,1543.72,1517.29,1522.63,20891040,44834623488
2014/11/10,1525.2,1526.38,1506.8,1514.82,16067553,34714329088
2014/11/11,1513.53,1514.37,1452.03,1461.51,21596510,44860276736
2014/11/12,1457.24,1476.03,1455.09,1475.75,13969499,32598984704
2014/11/13,1473.74,1473.74,1434.27,1442.86,17414929,37327699968
2014/11/14,1438.97,1449.1,1435.5,1441.21,12663598,28843272192
2014/11/17,1444.06,1474.36,1437.99,1471.69,13918227,29531924480
2014/11/18,1471.08,1483.14,1470.51,1481.86,12484839,26750091264
2014/11/19,1488.46,1509.73,1488.46,1505.55,15606058,33045882880
2014/11/20,1504.58,1504.58,1491.65,1494.59,14503131,31737735168
2014/11/21,1493.16,1508.22,1493.16,1504.83,15206725,32712548352
2014/11/24,1513.43,1515.84,1497.85,1507.81,18094254,38274613248
2014/11/25,1510.62,1541.92,1510.25,1541.92,21329324,46797185024
2014/11/26,1544.69,1561.3,1544.1,1554.22,21577370,46695706624
2014/11/27,1557.77,1566.83,1548.29,1563.41,23686674,49206317056
2014/11/28,1562.83,1582.48,1558.31,1570.85,25520127,54329839616
2014/12/1,1569.65,1569.65,1544.18,1552.31,22709753,49710886912
2014/12/2,1554.46,1567.54,1552.13,1565.42,20650691,48101068800
2014/12/3,1568.47,1604.88,1540.42,1604.45,30089867,66045603840
2014/12/4,1604.89,1631.31,1604.89,1621.85,26899516,59788693504
2014/12/5,1626.12,1626.12,1544.47,1581.91,29046141,62846464000
2014/12/8,1575.3,1600.87,1554.79,1567.16,26040994,56643526656
2014/12/9,1557.02,1577.75,1504.23,1504.62,29630278,61334147072
2014/12/10,1499.33,1576.89,1499.33,1572.69,22694195,50381869056
2014/12/11,1572.61,1593.38,1563.32,1587.67,22251396,46450761728
2014/12/12,1588.24,1626.34,1586.75,1623.57,21641050,46398472192
2014/12/15,1623.6,1664.26,1619.7,1657.5,22168990,49688502272
2014/12/16,1665.3,1674.98,1636.18,1649.58,20250357,44942323712
2014/12/17,1639.15,1652.98,1623.7,1644.21,20235829,45344444416
2014/12/18,1641.58,1663.67,1633.26,1634.05,17653811,39560749056
2014/12/19,1627.8,1627.8,1568.98,1596.81,19852326,41436061696
2014/12/22,1583.96,1583.96,1510.05,1517.93,21296532,41640415232
2014/12/23,1501.53,1543.35,1489.12,1496.53,16067375,32707213312
2014/12/24,1502.67,1524.27,1501.23,1519.8,14578911,29425833984
2014/12/25,1522,1531.64,1514.23,1529.47,14030107,30177665024
2014/12/26,1531.2,1539.16,1524.01,1536.08,13861501,28996104192
2014/12/29,1531.12,1531.12,1491.21,1499.4,18402872,36797181952
2014/12/30,1491.1,1493.44,1450.05,1460.11,16799418,33609261056
2014/12/31,1455.68,1479.86,1451.29,1471.76,14413885,28909635584
2015/1/5,1470.58,1470.58,1429.08,1464.77,17918525,34433384448
2015/1/6,1458.57,1542.15,1454.14,1539.83,23463899,47275896832
2015/1/7,1542.4,1547.25,1517.37,1523.39,18445958,37899403264
2015/1/8,1516.83,1565.77,1516.83,1541.89,18696816,39204143104
2015/1/9,1535.33,1583.75,1534.61,1553.24,18988280,40919941120
2015/1/12,1552.05,1587.18,1550.62,1586.12,16188545,35995709440
2015/1/13,1587.69,1611.13,1578.4,1601.17,17954629,40398041088
2015/1/14,1598.72,1605.16,1579.55,1588.01,15881401,34749378560
2015/1/15,1584.68,1606.56,1578.22,1586.34,14727005,32266868736
2015/1/16,1586.71,1641.53,1586.64,1639.56,18420218,41371320320
2015/1/19,1608.25,1691.14,1599.66,1630.06,26167227,58451247104
2015/1/20,1635.57,1700.94,1635.57,1700.85,26255330,57614442496
2015/1/21,1704.1,1729.84,1701.87,1722.58,29807348,65253965824
2015/1/22,1723.24,1744.08,1716.39,1744.04,25850791,57605296128
2015/1/23,1742.09,1742.09,1693.52,1697.29,23622923,53181378560
2015/1/26,1698.99,1740.37,1698.99,1739.79,20324148,45847670784
2015/1/27,1742.47,1754.21,1715.53,1743.68,22208742,50015432704
2015/1/28,1741.07,1759,1727.92,1731.41,22204674,49983389696
2015/1/29,1717.4,1733.63,1709.36,1711.37,17053769,37907546112
2015/1/30,1712.85,1721.14,1679.69,1680.58,17600389,38058115072
2015/2/2,1667.12,1708.71,1660.05,1696.83,16017327,37366624256
2015/2/3,1703.93,1762.73,1703.93,1750.91,22107002,54048165888
2015/2/4,1753.77,1770.2,1743.02,1757.74,21675339,51146969088
2015/2/5,1757.23,1809.72,1741.96,1774.31,27268284,66054606848
2015/2/6,1772.35,1783.62,1725.64,1730.97,22554474,55238836224
2015/2/9,1727.22,1753.5,1702.56,1708.85,17274077,41558933504
2015/2/10,1707.26,1747.86,1700.88,1747.68,14723102,36367364096
2015/2/11,1748.23,1783.24,1748.23,1772.85,17429105,45064384512
2015/2/12,1777.22,1799.46,1776.35,1788.81,18833003,48114233344
2015/2/13,1798.54,1828.24,1796.41,1825.49,23434641,59694768128
2015/2/16,1836.71,1897.66,1836.71,1896.63,25701182,66160893952
2015/2/17,1908.18,1909.91,1873.17,1894.31,20837925,54925651968
2015/2/25,1899.39,1909.65,1872.1,1876.75,22085809,56275333120
2015/2/26,1875.33,1891.78,1847.73,1880.39,22057948,54480478208
2015/2/27,1880.63,1928.04,1880.63,1928.04,25087030,63018668032
2015/3/2,1944.11,1987.8,1940.32,1986.99,32869531,85074780160
2015/3/3,1987.33,2004.03,1961.01,1961.74,33661208,85460164608
2015/3/4,1960.54,2011.08,1960.54,2009.83,29329329,75183980544
2015/3/5,2015.7,2032.22,1997.46,2014.79,30333941,80855138304
2015/3/6,2016.81,2018.18,1949.29,1951.4,27454184,70917914624
2015/3/9,1941.42,1996.9,1932.82,1994.39,23708890,63647719424
2015/3/10,2001.19,2048.3,2001.19,2045.32,26879783,72778653696
2015/3/11,2050.76,2054.77,2022.32,2035.83,27548628,75002273792
2015/3/12,2034.62,2054.39,1984.91,2018.13,27515747,73241354240
2015/3/13,2020.66,2070.95,2011.17,2069.07,25475091,67976888320
2015/3/16,2088.2,2144.78,2088.2,2142.67,34782782,96233218048
2015/3/17,2149.37,2164.49,2117.78,2137.46,37031744,1.01002E+11
2015/3/18,2138.37,2186.02,2124.98,2182.92,37750039,97714544640
2015/3/19,2184.76,2192.55,2160.99,2183.88,34983557,91582242816
2015/3/20,2187.47,2232.08,2187.01,2213.77,35792059,99762601984
2015/3/23,2225.85,2293.92,2221.71,2293.65,39047313,1.12421E+11
2015/3/24,2310.51,2363.06,2253.2,2357.97,48344706,1.45634E+11
2015/3/25,2364.94,2405.56,2344.11,2385.01,42627895,1.3067E+11
2015/3/26,2362.45,2370.3,2270.79,2291.79,43457615,1.32777E+11
2015/3/27,2274.68,2326.42,2267.87,2323.82,31041901,92140838912
2015/3/30,2319.31,2332.6,2266.85,2290.48,33193596,96755793920
2015/3/31,2294.32,2358.21,2288.31,2335.17,34588776,1.01099E+11
2015/4/1,2347,2407.49,2345.75,2404.91,34211588,1.02125E+11
2015/4/2,2434.76,2475.33,2420.19,2475.33,39817436,1.22291E+11
2015/4/3,2469.85,2515.58,2460.94,2510.16,39200268,1.2545E+11
2015/4/7,2530.07,2557.87,2522.26,2556.7,39071937,1.2914E+11
2015/4/8,2566.94,2568.09,2442.82,2488.16,43774348,1.41806E+11
2015/4/9,2481.69,2501.3,2346.89,2496.49,40257707,1.2985E+11
2015/4/10,2475.55,2567.68,2457.82,2552.83,35139350,1.16996E+11
2015/4/13,2558.19,2596.92,2545.26,2577.78,38288466,1.29765E+11
2015/4/14,2584.59,2593.7,2539.94,2558.85,36477492,1.25662E+11
2015/4/15,2548.99,2548.99,2441.74,2441.74,36021333,1.17232E+11
2015/4/16,2420.93,2532.31,2407.85,2484.33,30450606,99346317312
2015/4/17,2507.47,2511.98,2453.28,2463.99,33251374,1.046E+11
2015/4/20,2462.41,2493.2,2411.34,2424.85,34510159,1.02163E+11
2015/4/21,2443.12,2566.09,2443.12,2566.09,32057303,1.00332E+11
2015/4/22,2610.74,2655.37,2610.74,2634.93,37301989,1.18747E+11
2015/4/23,2656.18,2718.26,2656.18,2706.19,38248610,1.25327E+11
2015/4/24,2689.91,2747.62,2672.2,2734.75,36429963,1.23182E+11
2015/4/27,2781.6,2806.76,2737.15,2747.5,34684443,1.18941E+11
2015/4/28,2764.41,2779.2,2650.43,2687.97,34410030,1.10612E+11
2015/4/29,2693.48,2798.52,2674.76,2797.52,29865932,1.06317E+11
2015/4/30,2825.16,2918.75,2825.16,2857.89,34285827,1.19879E+11
2015/5/4,2868.1,2884.44,2803.82,2845.25,29104458,1.02444E+11
2015/5/5,2830.79,2845.71,2753.87,2783.44,30083796,1.00797E+11
2015/5/6,2806.3,2927.03,2806.3,2846.56,34768114,1.25809E+11
2015/5/7,2824.82,2879.68,2801.47,2806.05,30603594,1.08525E+11
2015/5/8,2838.97,2974.37,2838.97,2973.6,38363323,1.34263E+11
2015/5/11,3015.43,3150.49,2991.33,3146.83,48013491,1.70681E+11
2015/5/12,3176.54,3254.99,3133.96,3250.3,51249205,1.85001E+11
2015/5/13,3185.34,3271.18,3123.92,3192.15,46156896,1.71826E+11
2015/5/14,3174.45,3228.03,3137.28,3141.59,44148589,1.61798E+11
2015/5/15,3109.12,3176.12,3059.86,3145.34,40803046,1.44247E+11
2015/5/18,3178.37,3286.41,3178.37,3278.48,42156099,1.55269E+11
2015/5/19,3310.09,3340.42,3206.78,3322.77,44285353,1.69731E+11
2015/5/20,3339.17,3471.95,3339.17,3406.28,46165534,1.76706E+11
2015/5/21,3421.61,3531.84,3421.45,3527.41,44954142,1.78876E+11
2015/5/22,3594.59,3618.24,3438.57,3516.63,57570183,2.21048E+11
2015/5/25,3415.67,3499.54,3370.84,3467.92,45619500,1.75439E+11
2015/5/26,3471.8,3619.49,3471.8,3618.23,45465316,1.80748E+11
2015/5/27,3638.21,3662.98,3546.58,3628.67,49660295,1.98252E+11
2015/5/28,3618.34,3677.33,3432.98,3432.98,54111024,2.20541E+11
2015/5/29,3444.06,3595.17,3328.46,3542.84,49995030,2.12902E+11
2015/6/1,3580.08,3722.87,3580.08,3718.75,43302740,1.88538E+11
2015/6/2,3757.1,3912.48,3756.09,3901.54,50081951,2.13002E+11
2015/6/3,3949.28,4011.04,3838.22,3982.25,49970440,2.20939E+11
2015/6/4,3991.8,4015.2,3695.83,3943.47,47259474,2.07039E+11
2015/6/5,3994.44,4037.96,3841.42,3885.83,46810857,1.99117E+11
2015/6/8,3862.8,3862.8,3643.04,3704.55,44704762,1.8059E+11
2015/6/9,3664.37,3793.37,3633.72,3705.54,38942848,1.57347E+11
2015/6/10,3695.06,3876.85,3676.76,3834.7,43364844,1.69019E+11
2015/6/11,3843.98,3884.37,3815.06,3862.14,44129786,1.67538E+11
2015/6/12,3889.16,3922.7,3850.59,3899.71,44912715,1.82173E+11
2015/6/15,3919.36,3919.36,3688.89,3696.03,47406719,1.84817E+11
2015/6/16,3636.79,3669.82,3475.35,3590.67,43314292,1.69392E+11
2015/6/17,3586.37,3754.37,3511.11,3741.36,39791390,1.56131E+11
2015/6/18,3734.91,3752.18,3497.73,3504.55,38221169,1.50724E+11
2015/6/19,3408.53,3476.03,3304.65,3314.98,36852903,1.36356E+11
2015/6/23,3314.89,3397.27,3154.6,3393.94,38158329,1.37315E+11
2015/6/24,3425.57,3459.46,3304.67,3383.4,37628646,1.40111E+11
2015/6/25,3403.63,3408.23,3172.37,3206.38,36857094,1.33834E+11
2015/6/26,3078.4,3078.4,2915.94,2920.7,35432058,1.17324E+11
2015/6/29,2943.5,2950.13,2663.44,2689.76,38531844,1.1638E+11
2015/6/30,2566.02,2875.09,2485.46,2858.61,54686573,1.61328E+11
2015/7/1,2842.17,3008.19,2743.61,2759.41,52601142,1.70035E+11
2015/7/2,2756.25,2825.15,2591.05,2649.32,45280319,1.29754E+11
2015/7/3,2559.03,2788.76,2458.29,2605.28,47079751,1.28326E+11
2015/7/6,2795.67,2795.67,2417.56,2493.83,51605867,1.38021E+11
2015/7/7,2398.1,2415.68,2350.97,2352.01,18897955,44729708544
2015/7/8,2304.76,2364.08,2304.76,2364.05,44477613,92954722304
2015/7/9,2338.11,2435.76,2338.11,2435.76,22948808,58334175232
2015/7/10,2487.39,2535.89,2478.87,2535.89,13426826,45642735616
2015/7/13,2612.77,2683.07,2592.2,2683.07,25235637,85667790848
2015/7/14,2725.04,2827.55,2715.98,2726.05,40597844,1.21522E+11
2015/7/15,2750.66,2750.66,2583.46,2590.03,50649970,1.35461E+11
2015/7/16,2526.65,2698.16,2439.24,2627.08,52481076,1.31877E+11
2015/7/17,2651.44,2805.8,2646.5,2783.32,46866249,1.29074E+11
2015/7/20,2820.72,2907.15,2777.91,2848.3,57264696,1.69239E+11
2015/7/21,2802.02,2917.41,2779.53,2882.9,48846235,1.48536E+11
2015/7/22,2882.06,2932.06,2828.45,2897.37,51433159,1.53296E+11
2015/7/23,2896.25,2969.35,2864.43,2967.95,53211861,1.58103E+11
2015/7/24,2976.94,3014.18,2879.26,2897.82,58741277,1.85897E+11
2015/7/27,2822.37,2924.08,2683.05,2683.45,55582923,1.69828E+11
2015/7/28,2546.41,2705.18,2492.19,2581.96,58035381,1.54735E+11
2015/7/29,2617.94,2693.99,2483.92,2693.87,52023480,1.44346E+11
2015/7/30,2671.46,2707.76,2556.09,2561.19,48185189,1.38077E+11
2015/7/31,2507.26,2605.34,2499.25,2539.84,38567344,1.08512E+11
2015/8/3,2475.33,2494.8,2371.48,2399.27,39835425,1.04532E+11
2015/8/4,2396.41,2546.16,2380.28,2546.16,42143742,1.11226E+11
2015/8/5,2542.27,2584.19,2480.45,2502.04,46817454,1.23946E+11
2015/8/6,2441.96,2517.99,2430.53,2480.93,33923606,87783530496
2015/8/7,2509.96,2586.53,2505.27,2576.99,42575831,1.19864E+11
2015/8/10,2606.74,2726.9,2593.41,2706.72,47852695,1.4083E+11
2015/8/11,2705.04,2747.83,2675.15,2698.91,48057873,1.45506E+11
2015/8/12,2658.84,2700.4,2622.19,2622.19,38304000,1.15134E+11
2015/8/13,2608.74,2684.26,2578.91,2684.26,37616566,1.08746E+11
2015/8/14,2713.78,2725.47,2664.42,2674.02,40688352,1.18322E+11
2015/8/17,2665.37,2676.72,2613.78,2666.29,36547442,1.03165E+11
2015/8/18,2674.42,2720.58,2488.61,2504.17,49129699,1.37144E+11
2015/8/19,2427.94,2584.36,2359.17,2570.69,43737323,1.1519E+11
2015/8/20,2556.77,2610.9,2508.35,2508.82,39721275,1.09633E+11
2015/8/21,2452.62,2480.68,2340.92,2341.95,35141461,90647912448
2015/8/24,2222.54,2246.55,2152.61,2152.61,23049576,53003300864
2015/8/25,1996.04,2048.03,1987.12,1990.71,27176061,59139764224
2015/8/26,1975.92,2044.66,1875.03,1890.04,46445009,96904675328
2015/8/27,1924.78,1959.98,1843.19,1959.49,40510061,83891937280
2015/8/28,1990.35,2086.87,1960.39,2082.12,45280232,97909972992
2015/8/31,2056.29,2058.85,1987.58,1996.87,35634528,77209616384
2015/9/1,1959.46,1959.46,1877.36,1889.49,31889888,63735701504
2015/9/2,1787.71,1953.91,1779.18,1855.03,38372944,73660375040
2015/9/7,1882.86,1953.4,1878.26,1893.52,37806241,73524551680
2015/9/8,1875.67,2004.81,1859.21,2001.16,36849649,71807631360
2015/9/9,2023.31,2102.23,2017.1,2071.72,50760168,1.08851E+11
2015/9/10,2030.03,2078.42,2024.89,2039.12,35482570,74837950464
2015/9/11,2039.01,2084.05,2029.81,2060.5,32555430,68596064256
2015/9/14,2068.2,2075.67,1905.2,1906.21,34890885,68215353344
2015/9/15,1843.23,1892.81,1794.29,1797.56,33039214,59455922176
2015/9/16,1813.73,1928.78,1808.75,1926.25,39024402,71222157312
2015/9/17,1943.29,2020.55,1922.8,1933.3,47985104,95394168832
2015/9/18,1948.12,1995.5,1922.14,1983.3,37674215,74822942720
2015/9/21,1950.33,2080.22,1945.35,2079.06,43477603,90425024512
2015/9/22,2082.34,2108.56,2042.13,2078.72,47584444,1.01473E+11
2015/9/23,2039.49,2103.22,2036.06,2077.99,41306381,89360801792
2015/9/24,2090.56,2130.47,2084.31,2106.59,43139456,94766923776
2015/9/25,2091.86,2106.95,2002.45,2020.97,41100874,85890293760
2015/9/28,2024.89,2124.06,2007.92,2122.26,37858681,79921192960
2015/9/29,2089.54,2135.51,2075.97,2098.57,38424618,84097646592
2015/9/30,2111.99,2124.29,2049.43,2082.67,29708449,64153165824
2015/10/8,2153.12,2210.04,2138.54,2190.31,42031221,90206142464
2015/10/9,2190.84,2230.03,2184.55,2216.66,42927691,92205228032
2015/10/12,2233.61,2344.21,2232.27,2316.78,55775629,1.26442E+11
2015/10/13,2297.93,2351.52,2290.64,2342.04,50249441,1.15045E+11
2015/10/14,2330.08,2350.59,2295.6,2305,52435987,1.18325E+11
2015/10/15,2300.62,2406.21,2296.8,2404.53,56549121,1.298E+11
2015/10/16,2424.62,2452.94,2401.09,2449.03,61932153,1.47294E+11
2015/10/19,2465.11,2466.48,2398.34,2433.6,57914034,1.37928E+11
2015/10/20,2430.18,2520.08,2427.78,2511.16,58460596,1.40692E+11
2015/10/21,2504.78,2527.77,2335.66,2344.74,72233598,1.74857E+11
2015/10/22,2355.16,2465.1,2355.16,2458.14,59640206,1.46754E+11
2015/10/23,2488.31,2549.76,2461.49,2538.38,67588134,1.71354E+11
2015/10/26,2570.13,2570.13,2481.59,2527.48,68447318,1.7393E+11
2015/10/27,2497.16,2586.95,2423.6,2563.96,62288146,1.57457E+11
2015/10/28,2551.7,2583.82,2473.47,2485.24,57717000,1.50886E+11
2015/10/29,2504.85,2528.7,2436.78,2485.28,44057659,1.14642E+11
2015/10/30,2475.23,2534.47,2439.16,2478.28,50077025,1.29735E+11
2015/11/2,2416.1,2513.32,2408.78,2432.04,46816872,1.23247E+11
2015/11/3,2444.05,2461.33,2407.55,2429.27,39935035,1.06824E+11
2015/11/4,2451.23,2584.32,2451.23,2584.32,58452418,1.52635E+11
2015/11/5,2587.82,2630.83,2542.85,2564.72,65112053,1.72894E+11
2015/11/6,2571.66,2666.4,2571.66,2661.41,61741798,1.64007E+11
2015/11/9,2653.31,2747.79,2612.26,2724.62,68677814,1.91239E+11
2015/11/10,2710.9,2783.12,2700.29,2746.61,65216341,1.80185E+11
2015/11/11,2738.58,2806.54,2730.52,2804.68,70870882,1.90166E+11
2015/11/12,2818.57,2827.71,2743.26,2783.3,74163984,2.10165E+11
2015/11/13,2751.39,2772.82,2681.61,2710.16,65461350,1.81275E+11
2015/11/16,2656.57,2797.16,2654.64,2797.16,55154366,1.47034E+11
2015/11/17,2834.98,2847.9,2711.58,2717.05,73555490,1.99688E+11
2015/11/18,2727.61,2741.33,2655.06,2661.17,51626129,1.40451E+11
2015/11/19,2678.36,2770.75,2676.76,2770.75,54825140,1.48733E+11
2015/11/20,2783.04,2817.96,2757.84,2800.15,69030482,1.83901E+11
2015/11/23,2797.12,2839.84,2759.31,2770.58,67520733,1.78263E+11
2015/11/24,2767.72,2816.05,2739.52,2816.05,52702493,1.50153E+11
2015/11/25,2813.51,2906.8,2806.82,2897.57,66418481,1.93136E+11
2015/11/26,2911.85,2915.95,2831.38,2833.2,63202930,1.87302E+11
2015/11/27,2819.36,2844.05,2629.13,2649.55,64579688,1.83247E+11
2015/11/30,2658.97,2687.05,2507.38,2672.58,60052415,1.67359E+11
2015/12/1,2669.3,2700.35,2621.17,2655.35,49682994,1.44659E+11
2015/12/2,2653.24,2660.12,2525.34,2613.26,43453059,1.19641E+11
2015/12/3,2622.49,2710.81,2622.49,2708.12,43270233,1.25313E+11
2015/12/4,2702.56,2749.18,2679.35,2692.16,48329082,1.41741E+11
2015/12/7,2699.34,2751.24,2687.02,2738.15,47454318,1.30146E+11
2015/12/8,2723.62,2731.72,2678.66,2691.66,51536895,1.42199E+11
2015/12/9,2677.59,2699.64,2650.45,2667.91,45218188,1.27954E+11
2015/12/10,2665.28,2729.24,2663.37,2695.51,44264087,1.26884E+11
2015/12/11,2686.31,2701.69,2666.89,2671.29,37125527,1.06301E+11
2015/12/14,2642.82,2709.27,2622.47,2709.27,36203573,1.02183E+11
2015/12/15,2718.25,2764.8,2718.25,2745.7,38759386,1.10853E+11
2015/12/16,2760.26,2789.28,2749.79,2763.11,41793161,1.20658E+11
2015/12/17,2784.97,2835.7,2784.97,2835.7,55219140,1.58786E+11
2015/12/18,2836.92,2850.69,2801.64,2830.26,51447381,1.50101E+11
2015/12/21,2825.31,2836.61,2800.35,2829.92,42648419,1.22337E+11
2015/12/22,2836.96,2849.36,2811.61,2839.85,41580714,1.14451E+11
2015/12/23,2845.43,2848.83,2779.93,2783.94,46679619,1.33253E+11
2015/12/24,2775.98,2801.56,2735.97,2795.78,37179051,1.07702E+11
2015/12/25,2807.51,2820.53,2777.46,2794.73,35511227,1.05454E+11
2015/12/28,2809.52,2823.75,2735.49,2735.49,45076570,1.28113E+11
2015/12/29,2732.55,2749.82,2710.2,2749.82,35829363,1.01372E+11
2015/12/30,2758.25,2781.84,2749.29,2779.51,40757691,1.1495E+11
2015/12/31,2780.54,2785.66,2713.69,2714.05,39561308,1.11888E+11
2016/1/4,2706.28,2710.3,2490.47,2491.24,33478923,88306573312
2016/1/5,2353.23,2481.2,2333.61,2416.73,49010301,1.22571E+11
2016/1/6,2433.36,2472.19,2388.69,2468.37,39804046,1.04804E+11
2016/1/7,2415.33,2415.33,2254.5,2256.52,10666577,26100854784
2016/1/8,2297.59,2318.12,2142.33,2248.99,44776461,1.08801E+11
2016/1/11,2188.19,2230.42,2105.77,2106.36,39231227,92052717568
2016/1/12,2117.25,2179.09,2087.27,2147.53,37443203,87467515904
2016/1/13,2160.32,2174.23,2059.78,2059.78,34346863,80888184832
2016/1/14,1991.23,2179.38,1989.87,2175.01,40865370,91805425664
2016/1/15,2160.17,2184.56,2096.19,2112.9,41445822,94756167680
2016/1/18,2074.86,2206.84,2074.86,2174.93,39874752,91208597504
2016/1/19,2170.1,2244.78,2148.72,2241.7,45197927,1.04523E+11
2016/1/20,2222.6,2249.36,2190.51,2204.65,41821529,98105860096
2016/1/21,2173.32,2241.47,2112.4,2112.4,41166482,96569769984
2016/1/22,2140.28,2161.24,2078.12,2149.59,35037326,79385665536
2016/1/25,2165.73,2185.21,2136.88,2158.82,30623683,71962787840
2016/1/26,2132.22,2135.57,1990.51,1994.05,36762608,81772249088
2016/1/27,1997.32,2012.3,1888.25,1997.47,39761382,82136006656
2016/1/28,1969.31,1990.92,1900.88,1906.46,30546403,63263305728
2016/1/29,1908.26,2011.06,1907.29,1994.07,34466855,70828048384
2016/2/1,1989.21,2011.68,1956.92,1992.7,29892131,62990098432
2016/2/2,1996.59,2089.21,1996.59,2075.29,34710248,75053875200
2016/2/3,2049.32,2105.38,2034.6,2090.51,31768832,68663410688
2016/2/4,2095.62,2142.87,2095.62,2126.64,35059442,78395990016
2016/2/5,2127.35,2141.56,2096.99,2096.99,25785867,58247507968
2016/2/15,2029.56,2130.36,2029.56,2116.84,24986598,54905180160
2016/2/16,2128.06,2208.57,2128.06,2201.93,36587329,84154343424
2016/2/17,2197.93,2219.78,2171,2215.34,41643401,96020799488
2016/2/18,2230.8,2239.91,2188.19,2190.91,40537756,96123584512
2016/2/19,2186.02,2230.22,2182.96,2211.01,36792704,88677392384
2016/2/22,2235.17,2245.56,2216.16,2245.56,41953415,99016785920
2016/2/23,2245.75,2249.69,2189.53,2218.12,39969755,96000933888
2016/2/24,2212.59,2230.01,2154.27,2203.74,40601726,97205272576
2016/2/25,2198.93,2198.93,2030.42,2037.14,44873664,1.00581E+11
2016/2/26,2045.51,2057.8,1980.17,2014.92,35814102,78888099840
2016/2/29,2000.57,2000.57,1866.25,1880.15,33848300,66577993728
2016/3/1,1881.32,1952.43,1841.22,1934.92,36084525,74426007552
2016/3/2,1930.84,2022.86,1925.02,2017.6,42454356,87510163456
2016/3/3,2014.18,2063.53,2006.71,2007.08,42006967,89644498944
2016/3/4,1994.06,2003.69,1895.4,1907.04,39762792,80145121280
2016/3/7,1935.09,1995.94,1935.09,1953.33,31730234,65548865536
2016/3/8,1944.65,2002.19,1865.65,2002.19,41226252,81062526976
2016/3/9,1962.28,2015.71,1947.05,1970.81,34193080,67879120896
2016/3/10,1968.77,1991.36,1935.12,1936.97,28365881,58393944064
2016/3/11,1911.33,1948.6,1903.92,1934.87,23173404,47910830080
2016/3/14,1962.11,2048.5,1962.11,2023.13,40997665,86634766336
2016/3/15,2016.81,2034.7,1995.46,1996.92,34452746,72362459136
2016/3/16,2029.92,2039.49,1961.42,1977.54,33507355,69662015488
2016/3/17,1986.14,2089.14,1986.14,2087.29,52208031,1.12177E+11
2016/9/7,2223.02,2232.12,2208.83,2212.05,48768066,1.03236E+11
